City,Date,RPM,NOx,CO2,SO2
Mumbai,01-01-2015,0,27.38,0,0
Mumbai,02-01-2015,0,26.2,0,0
Mumbai,03-01-2015,0,26.4,0,0
Mumbai,04-01-2015,0,25.97,0,0
Mumbai,05-01-2015,0,25.18,0,0
Mumbai,06-01-2015,0,26.41,0,0
Mumbai,07-01-2015,0,27.8,0,0
Mumbai,08-01-2015,0,27.48,0,0
Mumbai,09-01-2015,0,27.22,0,0
Mumbai,10-01-2015,0,28.3,0,0
Mumbai,11-01-2015,0,27.57,0,0
Mumbai,12-01-2015,0,28.44,0,0
Mumbai,13-01-2015,0,29.15,0,0
Mumbai,14-01-2015,0,28.59,0,0
Mumbai,15-01-2015,0,27.83,0,0
Mumbai,16-01-2015,0,27.1,0,0
Mumbai,17-01-2015,0,27.21,0,0
Mumbai,18-01-2015,0,27.89,0,0
Mumbai,19-01-2015,0,26.78,0,0
Mumbai,20-01-2015,0,25.39,0,0
Mumbai,21-01-2015,0,25.4,0,0
Mumbai,22-01-2015,0,24.28,0,0
Mumbai,23-01-2015,0,26.51,0,0
Mumbai,24-01-2015,0,26.59,0,0
Mumbai,25-01-2015,0,26.27,0,0
Mumbai,26-01-2015,0,26.86,0,0
Mumbai,27-01-2015,0,27.26,0,0
Mumbai,28-01-2015,0,26.45,0,0
Mumbai,29-01-2015,0,26.3,0,0
Mumbai,30-01-2015,0,25.64,0,0
Mumbai,31-01-2015,0,27.34,0,0
Mumbai,01-02-2015,0,27.25,0,0
Mumbai,02-02-2015,0,26,0,0
Mumbai,03-02-2015,0,28.16,0,0
Mumbai,04-02-2015,0,29.13,0,0
Mumbai,05-02-2015,0,28.98,0,0
Mumbai,06-02-2015,0,28.69,0,0
Mumbai,07-02-2015,0,27.46,0,0
Mumbai,08-02-2015,0,26.77,0,0
Mumbai,09-02-2015,0,28.25,0,0
Mumbai,10-02-2015,0,28.48,0,0
Mumbai,11-02-2015,0,27.56,0,0
Mumbai,12-02-2015,0,27.86,0,0
Mumbai,13-02-2015,0,28,0,0
Mumbai,14-02-2015,0,28.2,0,0
Mumbai,15-02-2015,0,25.99,0,0
Mumbai,16-02-2015,0,25.47,0,0
Mumbai,17-02-2015,0,26.31,0,0
Mumbai,18-02-2015,0,25.14,0,0
Mumbai,19-02-2015,0,25.22,0,0
Mumbai,20-02-2015,0,25.44,0,0
Mumbai,21-02-2015,0,26.82,0,0
Mumbai,22-02-2015,0,27.54,0,0
Mumbai,23-02-2015,0,29.2,0,0
Mumbai,24-02-2015,0,26.68,0,0
Mumbai,25-02-2015,0,26.41,0,0
Mumbai,26-02-2015,0,26.85,0,0
Mumbai,27-02-2015,0,26.84,0,0
Mumbai,28-02-2015,0,25.4,0,0
Mumbai,01-03-2015,0,24.76,0,0
Mumbai,02-03-2015,0,27.32,0,0
Mumbai,03-03-2015,0,27.16,0,0
Mumbai,04-03-2015,0,27.37,0,0
Mumbai,05-03-2015,0,28.75,0,0
Mumbai,06-03-2015,0,30.51,0,0
Mumbai,07-03-2015,0,27.12,0,0
Mumbai,08-03-2015,0,27.7,0,0
Mumbai,09-03-2015,0,44.83,0,0
Mumbai,10-03-2015,0,148.63,0,0
Mumbai,11-03-2015,0,159.94,0,0
Mumbai,12-03-2015,0,141.44,0,0
Mumbai,13-03-2015,0,143.29,0,0
Mumbai,14-03-2015,0,96.51,0,0
Mumbai,15-03-2015,0,68.31,0,0
Mumbai,16-03-2015,0,77.33,0,0
Mumbai,17-03-2015,0,147.88,0,0
Mumbai,18-03-2015,0,146.64,0,0
Mumbai,19-03-2015,0,192.23,0,0
Mumbai,20-03-2015,0,216.78,0,0
Mumbai,21-03-2015,0,146.9,0,0
Mumbai,22-03-2015,0,129.6,0,0
Mumbai,23-03-2015,0,69.39,0,0
Mumbai,24-03-2015,0,126.4,0,0
Mumbai,25-03-2015,0,133.37,0,0
Mumbai,26-03-2015,0,75.96,0,0
Mumbai,27-03-2015,0,68.16,0,0
Mumbai,28-03-2015,0,50.92,0,0
Mumbai,29-03-2015,0,74.38,0,0
Mumbai,30-03-2015,0,83.22,0,0
Mumbai,31-03-2015,0,93.38,0,0
Mumbai,01-04-2015,0,149.29,0,0
Mumbai,02-04-2015,0,89.25,0,0
Mumbai,03-04-2015,0,73.5,0,0
Mumbai,04-04-2015,0,80.4,0,0
Mumbai,05-04-2015,0,65.24,0,0
Mumbai,06-04-2015,0,74.24,0,0
Mumbai,07-04-2015,0,13.3,0,0
Mumbai,08-04-2015,0,88.63,0,0
Mumbai,09-04-2015,0,53,0,0
Mumbai,10-04-2015,0,62,0,0
Mumbai,11-04-2015,0,41.87,0,0
Mumbai,12-04-2015,0,57.21,0,0
Mumbai,13-04-2015,0,66.13,0,0
Mumbai,14-04-2015,0,68.25,0,0
Mumbai,15-04-2015,0,14.12,0,0
Mumbai,16-04-2015,0,25.34,0,0
Mumbai,17-04-2015,0,25.7,0,0
Mumbai,18-04-2015,0,25.61,0,0
Mumbai,19-04-2015,0,25.61,0,0
Mumbai,20-04-2015,0,30.29,0,0
Mumbai,21-04-2015,0,28.14,0,0
Mumbai,22-04-2015,0,28.16,0,0
Mumbai,23-04-2015,0,28.19,0,0
Mumbai,24-04-2015,0,28.13,0,0
Mumbai,25-04-2015,0,28.24,0,0
Mumbai,26-04-2015,0,44.42,0,0
Mumbai,27-04-2015,0,66.93,0,0
Mumbai,28-04-2015,0,28.93,0,0
Mumbai,29-04-2015,0,28.81,0,0
Mumbai,30-04-2015,0,28.97,0,0
Mumbai,01-05-2015,0,29.45,0,0
Mumbai,02-05-2015,0,31.7,0,0
Mumbai,03-05-2015,0,33.46,0,0
Mumbai,04-05-2015,0,31.89,0,0
Mumbai,05-05-2015,0,27.97,0,0
Mumbai,06-05-2015,0,28.1,0,0
Mumbai,07-05-2015,0,46.54,0,0
Mumbai,08-05-2015,0,27.7,0,0
Mumbai,09-05-2015,0,27.83,0,0
Mumbai,10-05-2015,0,27.91,0,0
Mumbai,11-05-2015,0,27.9,0,0
Mumbai,12-05-2015,0,27.98,0,0
Mumbai,13-05-2015,0,25.47,0,0
Mumbai,14-05-2015,0,23.8,0,0
Mumbai,15-05-2015,0,23.12,0,0
Mumbai,16-05-2015,0,23.14,0,0
Mumbai,17-05-2015,0,23.28,0,0
Mumbai,18-05-2015,0,23.2,0,0
Mumbai,19-05-2015,0,23.14,0,0
Mumbai,20-05-2015,0,23.11,0,0
Mumbai,21-05-2015,0,23.22,0,0
Mumbai,22-05-2015,0,23.37,0,0
Mumbai,23-05-2015,0,23.46,0,0
Mumbai,24-05-2015,0,23.55,0,0
Mumbai,25-05-2015,0,23.41,0,0
Mumbai,26-05-2015,0,23.46,0,0
Mumbai,27-05-2015,0,23.5,0,0
Mumbai,28-05-2015,0,23.57,0,0
Mumbai,29-05-2015,0,23.5,0,0
Mumbai,30-05-2015,0,23.51,0,0
Mumbai,31-05-2015,0,23.78,0,0
Mumbai,01-06-2015,0,23.69,0,0
Mumbai,02-06-2015,0,41.1,0,0
Mumbai,03-06-2015,0,57.53,0,0
Mumbai,04-06-2015,0,23.38,0,0
Mumbai,05-06-2015,0,30.52,0,0
Mumbai,06-06-2015,0,23.5,0,0
Mumbai,07-06-2015,0,23.35,0,0
Mumbai,08-06-2015,0,22.96,0,0
Mumbai,09-06-2015,0,23,0,0
Mumbai,10-06-2015,0,23.6,0,0
Mumbai,11-06-2015,0,23.2,0,0
Mumbai,12-06-2015,0,22.96,0,0
Mumbai,13-06-2015,0,23.1,0,0
Mumbai,14-06-2015,0,23.4,0,0
Mumbai,15-06-2015,0,23,0,0
Mumbai,16-06-2015,0,23,0,0
Mumbai,17-06-2015,0,24.84,0,0
Mumbai,18-06-2015,0,23.16,0,0
Mumbai,19-06-2015,0,23.24,0,0
Mumbai,20-06-2015,0,16.77,0,0
Mumbai,21-06-2015,0,18.88,0,0
Mumbai,22-06-2015,0,18.87,0,0
Mumbai,23-06-2015,0,18.87,0,0
Mumbai,24-06-2015,0,18.85,0,0
Mumbai,25-06-2015,0,18.95,0,0
Mumbai,26-06-2015,0,18.98,0,0
Mumbai,27-06-2015,0,18.97,0,0
Mumbai,28-06-2015,0,19.4,0,0
Mumbai,29-06-2015,0,19.2,0,0
Mumbai,30-06-2015,0,19.4,0,0
Mumbai,01-07-2015,0,19.3,0,0
Mumbai,02-07-2015,0,19.2,0,0
Mumbai,03-07-2015,0,19.5,0,0
Mumbai,04-07-2015,0,19.11,0,0
Mumbai,05-07-2015,0,19.25,0,0
Mumbai,06-07-2015,0,19.22,0,0
Mumbai,07-07-2015,0,19.25,0,0
Mumbai,08-07-2015,0,19.24,0,0
Mumbai,09-07-2015,0,19.24,0,0
Mumbai,10-07-2015,0,19.27,0,0
Mumbai,11-07-2015,0,19.28,0,0
Mumbai,12-07-2015,0,19.39,0,0
Mumbai,13-07-2015,0,19.31,0,0
Mumbai,14-07-2015,0,19.26,0,0
Mumbai,15-07-2015,0,19.3,0,0
Mumbai,16-07-2015,0,19.41,0,0
Mumbai,17-07-2015,0,19.37,0,0
Mumbai,18-07-2015,0,19.4,0,0
Mumbai,19-07-2015,0,19.65,0,0
Mumbai,20-07-2015,0,20.18,0,0
Mumbai,21-07-2015,0,22.46,0,0
Mumbai,22-07-2015,0,27.67,0,0
Mumbai,23-07-2015,0,19.86,0,0
Mumbai,24-07-2015,0,19.92,0,0
Mumbai,25-07-2015,0,19.9,0,0
Mumbai,26-07-2015,0,19.83,0,0
Mumbai,27-07-2015,0,19.68,0,0
Mumbai,28-07-2015,0,19.71,0,0
Mumbai,29-07-2015,0,19.96,0,0
Mumbai,30-07-2015,0,29.59,0,0
Mumbai,31-07-2015,0,27.91,0,0
Mumbai,01-08-2015,0,19.74,0,0
Mumbai,02-08-2015,0,19.88,0,0
Mumbai,03-08-2015,0,20.15,0,0
Mumbai,04-08-2015,0,19.92,0,0
Mumbai,05-08-2015,0,19.96,0,0
Mumbai,06-08-2015,0,25.4,0,0
Mumbai,07-08-2015,0,19.19,0,0
Mumbai,08-08-2015,0,19.9,0,0
Mumbai,09-08-2015,0,19.1,0,0
Mumbai,10-08-2015,0,21.29,0,0
Mumbai,11-08-2015,0,17.96,0,0
Mumbai,12-08-2015,0,20.1,0,0
Mumbai,13-08-2015,0,30.94,0,0
Mumbai,14-08-2015,0,48.78,0,0
Mumbai,15-08-2015,0,64.61,0,0
Mumbai,16-08-2015,0,68.83,0,0
Mumbai,17-08-2015,0,15.22,0,0
Mumbai,18-08-2015,0,58.14,0,0
Mumbai,19-08-2015,0,48.61,0,0
Mumbai,20-08-2015,0,31.35,0,0
Mumbai,21-08-2015,0,30.96,0,0
Mumbai,22-08-2015,0,35.6,0,0
Mumbai,23-08-2015,0,35.9,0,0
Mumbai,24-08-2015,0,34.6,0,0
Mumbai,25-08-2015,0,55.8,0,0
Mumbai,26-08-2015,0,26.95,0,0
Mumbai,27-08-2015,0,14.48,0,0
Mumbai,28-08-2015,0,93.84,0,0
Mumbai,29-08-2015,0,72.8,0,0
Mumbai,30-08-2015,0,56.18,0,0
Mumbai,31-08-2015,0,57.92,0,0
Mumbai,01-09-2015,0,38.72,0,0
Mumbai,02-09-2015,0,45.2,0,0
Mumbai,03-09-2015,0,52.7,0,0
Mumbai,04-09-2015,0,54.44,0,0
Mumbai,05-09-2015,0,51.49,0,0
Mumbai,06-09-2015,0,40.51,0,0
Mumbai,07-09-2015,0,33.59,0,0
Mumbai,08-09-2015,0,52.77,0,0
Mumbai,09-09-2015,0,45.86,0,0
Mumbai,10-09-2015,0,65.23,0,0
Mumbai,11-09-2015,0,67.7,0,0
Mumbai,12-09-2015,0,53.31,0,0
Mumbai,13-09-2015,0,49.33,0,0
Mumbai,14-09-2015,0,37.42,0,0
Mumbai,15-09-2015,0,26.27,0,0
Mumbai,16-09-2015,0,38.43,0,0
Mumbai,17-09-2015,0,10.81,0,0
Mumbai,18-09-2015,0,10.83,0,0
Mumbai,19-09-2015,0,11.46,0,0
Mumbai,20-09-2015,0,30.68,0,0
Mumbai,21-09-2015,0,18.24,0,0
Mumbai,22-09-2015,0,27.42,0,0
Mumbai,23-09-2015,0,37.69,0,0
Mumbai,24-09-2015,0,36.61,0,0
Mumbai,25-09-2015,0,58.28,0,0
Mumbai,26-09-2015,0,61.58,0,0
Mumbai,27-09-2015,0,60.9,0,0
Mumbai,28-09-2015,0,56.93,0,0
Mumbai,29-09-2015,0,65.55,0,0
Mumbai,30-09-2015,0,96.75,0,0
Mumbai,01-10-2015,0,96.91,0,0
Mumbai,02-10-2015,0,57.75,0,0
Mumbai,03-10-2015,0,42.6,0,0
Mumbai,04-10-2015,0,58.73,0,0
Mumbai,05-10-2015,0,66.33,0,0
Mumbai,06-10-2015,0,76.95,0,0
Mumbai,07-10-2015,0,11.49,0,0
Mumbai,08-10-2015,0,89.4,0,0
Mumbai,09-10-2015,0,36.82,0,0
Mumbai,10-10-2015,0,32.81,0,0
Mumbai,11-10-2015,0,44.91,0,0
Mumbai,12-10-2015,0,46.38,0,0
Mumbai,13-10-2015,0,57.37,0,0
Mumbai,14-10-2015,0,76.35,0,0
Mumbai,15-10-2015,0,13.37,0,0
Mumbai,16-10-2015,0,19.7,0,0
Mumbai,17-10-2015,0,77.91,0,0
Mumbai,18-10-2015,0,64.58,0,0
Mumbai,19-10-2015,0,76.48,0,0
Mumbai,20-10-2015,0,119.37,0,0
Mumbai,21-10-2015,0,116.6,0,0
Mumbai,22-10-2015,0,92.44,0,0
Mumbai,23-10-2015,0,82.39,0,0
Mumbai,24-10-2015,0,99.83,0,0
Mumbai,25-10-2015,0,80.41,0,0
Mumbai,26-10-2015,0,82.5,0,0
Mumbai,27-10-2015,0,82.3,0,0
Mumbai,28-10-2015,0,15.83,0,0
Mumbai,29-10-2015,0,134.1,0,0
Mumbai,30-10-2015,0,17.34,0,0
Mumbai,31-10-2015,0,91.69,0,0
Mumbai,01-11-2015,0,96.58,0,0
Mumbai,02-11-2015,0,97.69,0,0
Mumbai,03-11-2015,0,134.1,0,0
Mumbai,04-11-2015,0,152.3,0,0
Mumbai,05-11-2015,0,129.37,0,0
Mumbai,06-11-2015,0,145.27,0,0
Mumbai,07-11-2015,0,146.31,0,0
Mumbai,08-11-2015,0,136.41,0,0
Mumbai,09-11-2015,0,151.71,0,0
Mumbai,10-11-2015,0,152.57,0,0
Mumbai,11-11-2015,0,129.33,0,0
Mumbai,12-11-2015,0,18.3,0,0
Mumbai,13-11-2015,0,18.14,0,0
Mumbai,14-11-2015,0,118.58,0,0
Mumbai,15-11-2015,0,123.58,0,0
Mumbai,16-11-2015,0,129.55,0,0
Mumbai,17-11-2015,0,123.98,0,0
Mumbai,18-11-2015,0,157.62,0,0
Mumbai,19-11-2015,0,167.83,0,0
Mumbai,20-11-2015,0,128.16,0,0
Mumbai,21-11-2015,0,143.35,0,0
Mumbai,22-11-2015,0,187.31,0,0
Mumbai,23-11-2015,0,129.7,0,0
Mumbai,24-11-2015,0,121.31,0,0
Mumbai,25-11-2015,0,127.13,0,0
Mumbai,26-11-2015,0,184.7,0,0
Mumbai,27-11-2015,0,98.32,0,0
Mumbai,28-11-2015,0,92.86,0,0
Mumbai,29-11-2015,0,127.31,0,0
Mumbai,30-11-2015,0,90.99,0,0
Mumbai,01-12-2015,0,86.6,0,0
Mumbai,02-12-2015,0,87.75,0,0
Mumbai,03-12-2015,0,84.2,0,0
Mumbai,04-12-2015,0,14.86,0,0
Mumbai,05-12-2015,0,142.21,0,0
Mumbai,06-12-2015,0,128.17,0,0
Mumbai,07-12-2015,0,112.94,0,0
Mumbai,08-12-2015,0,116.24,0,0
Mumbai,09-12-2015,0,131.44,0,0
Mumbai,10-12-2015,0,140.27,0,0
Mumbai,11-12-2015,0,134.67,0,0
Mumbai,12-12-2015,0,124.51,0,0
Mumbai,13-12-2015,0,119,0,0
Mumbai,14-12-2015,0,115.6,0,0
Mumbai,15-12-2015,0,97.43,0,0
Mumbai,16-12-2015,0,95.77,0,0
Mumbai,17-12-2015,0,112.23,0,0
Mumbai,18-12-2015,0,11.36,0,0
Mumbai,19-12-2015,0,11.16,0,0
Mumbai,20-12-2015,0,12.87,0,0
Mumbai,21-12-2015,0,91.42,0,0
Mumbai,22-12-2015,0,83.5,0,0
Mumbai,23-12-2015,0,13.17,0,0
Mumbai,24-12-2015,0,92.79,0,0
Mumbai,25-12-2015,0,75.69,0,0
Mumbai,26-12-2015,0,69.94,0,0
Mumbai,27-12-2015,0,86.67,0,0
Mumbai,28-12-2015,0,87.72,0,0
Mumbai,29-12-2015,0,93.76,0,0
Mumbai,30-12-2015,0,117.52,0,0
Mumbai,31-12-2015,0,63.28,0,0
Mumbai,01-01-2016,0,49.73,0,0
Mumbai,02-01-2016,0,51.9,0,0
Mumbai,03-01-2016,0,48,0,0
Mumbai,04-01-2016,0,52.1,0,0
Mumbai,05-01-2016,0,47.24,0,0
Mumbai,06-01-2016,0,13.3,0,0
Mumbai,07-01-2016,0,15.45,0,0
Mumbai,08-01-2016,0,5.69,0,0
Mumbai,09-01-2016,0,7.51,0,0
Mumbai,10-01-2016,0,13.7,0,0
Mumbai,11-01-2016,0,14.47,0,0
Mumbai,12-01-2016,0,7.47,0,0
Mumbai,13-01-2016,0,13.41,0,0
Mumbai,14-01-2016,0,12.4,0,0
Mumbai,15-01-2016,0,14.12,0,0
Mumbai,16-01-2016,0,14.6,0,0
Mumbai,17-01-2016,0,22.37,0,0
Mumbai,18-01-2016,0,22.52,0,0
Mumbai,19-01-2016,0,32.62,0,0
Mumbai,20-01-2016,0,34.4,0,0
Mumbai,21-01-2016,0,34.13,0,0
Mumbai,22-01-2016,0,41.3,0,0
Mumbai,23-01-2016,0,39.93,0,0
Mumbai,24-01-2016,0,39.61,0,0
Mumbai,25-01-2016,0,40.69,0,0
Mumbai,26-01-2016,0,33.8,0,0
Mumbai,27-01-2016,0,14.16,0,0
Mumbai,28-01-2016,0,33.94,0,0
Mumbai,29-01-2016,0,21.15,0,0
Mumbai,30-01-2016,0,18.87,0,0
Mumbai,31-01-2016,0,22.54,0,0
Mumbai,01-02-2016,0,22.87,0,0
Mumbai,02-02-2016,0,31.27,0,0
Mumbai,03-02-2016,0,31.54,0,0
Mumbai,04-02-2016,0,32.4,0,0
Mumbai,05-02-2016,0,28.27,0,0
Mumbai,06-02-2016,0,18.42,0,0
Mumbai,07-02-2016,0,20.36,0,0
Mumbai,08-02-2016,0,20.57,0,0
Mumbai,09-02-2016,0,15.28,0,0
Mumbai,10-02-2016,0,15,0,0
Mumbai,11-02-2016,0,11.11,0,0
Mumbai,12-02-2016,0,13.46,0,0
Mumbai,13-02-2016,0,20.67,0,0
Mumbai,14-02-2016,0,23.56,0,0
Mumbai,15-02-2016,0,39.24,0,0
Mumbai,16-02-2016,0,29.37,0,0
Mumbai,17-02-2016,0,11.48,0,0
Mumbai,18-02-2016,0,18.51,0,0
Mumbai,19-02-2016,0,14.2,0,0
Mumbai,20-02-2016,0,15.41,0,0
Mumbai,21-02-2016,0,25.85,0,0
Mumbai,22-02-2016,0,31.42,0,0
Mumbai,23-02-2016,0,30.57,0,0
Mumbai,24-02-2016,0,15.54,0,0
Mumbai,25-02-2016,0,19.35,0,0
Mumbai,26-02-2016,0,19.29,0,0
Mumbai,27-02-2016,0,17.54,0,0
Mumbai,28-02-2016,0,15.92,0,0
Mumbai,29-02-2016,0,16.44,0,0
Mumbai,01-03-2016,0,24.44,0,0
Mumbai,02-03-2016,0,15.33,0,0
Mumbai,03-03-2016,0,22.76,0,0
Mumbai,04-03-2016,0,19.32,0,0
Mumbai,05-03-2016,0,16.51,0,0
Mumbai,06-03-2016,0,13.36,0,0
Mumbai,07-03-2016,0,18.1,0,0
Mumbai,08-03-2016,0,27.11,0,0
Mumbai,09-03-2016,0,24.4,0,0
Mumbai,10-03-2016,0,29.35,0,0
Mumbai,11-03-2016,0,25.65,0,0
Mumbai,12-03-2016,0,23.2,0,0
Mumbai,13-03-2016,0,13.9,0,0
Mumbai,14-03-2016,0,12.24,0,0
Mumbai,15-03-2016,0,12.26,0,0
Mumbai,16-03-2016,0,12.77,0,0
Mumbai,17-03-2016,0,9.7,0,0
Mumbai,18-03-2016,0,10.55,0,0
Mumbai,19-03-2016,0,11.5,0,0
Mumbai,20-03-2016,0,11.9,0,0
Mumbai,21-03-2016,0,11.58,0,0
Mumbai,22-03-2016,0,13.43,0,0
Mumbai,23-03-2016,0,14.84,0,0
Mumbai,24-03-2016,0,13.11,0,0
Mumbai,25-03-2016,0,13.65,0,0
Mumbai,26-03-2016,0,17.12,0,0
Mumbai,27-03-2016,0,17.88,0,0
Mumbai,28-03-2016,0,24.33,0,0
Mumbai,29-03-2016,0,18.85,0,0
Mumbai,30-03-2016,0,19.25,0,0
Mumbai,31-03-2016,0,19.18,0,0
Mumbai,01-04-2016,0,18.63,0,0
Mumbai,02-04-2016,0,18.51,0,0
Mumbai,03-04-2016,0,19.38,0,0
Mumbai,04-04-2016,0,19.94,0,0
Mumbai,05-04-2016,0,20.59,0,0
Mumbai,06-04-2016,0,21.64,0,0
Mumbai,07-04-2016,0,22.24,0,0
Mumbai,08-04-2016,0,25.6,0,0
Mumbai,09-04-2016,0,24.28,0,0
Mumbai,10-04-2016,0,23.82,0,0
Mumbai,11-04-2016,0,24.34,0,0
Mumbai,12-04-2016,0,24.18,0,0
Mumbai,13-04-2016,0,24.29,0,0
Mumbai,14-04-2016,0,25.33,0,0
Mumbai,15-04-2016,0,25.36,0,0
Mumbai,16-04-2016,0,26.31,0,0
Mumbai,17-04-2016,0,25.53,0,0
Mumbai,18-04-2016,0,27.33,0,0
Mumbai,19-04-2016,0,26.39,0,0
Mumbai,20-04-2016,0,26.39,0,0
Mumbai,21-04-2016,0,25.94,0,0
Mumbai,22-04-2016,0,26.45,0,0
Mumbai,23-04-2016,0,27.5,0,0
Mumbai,24-04-2016,0,27.17,0,0
Mumbai,25-04-2016,0,29.82,0,0
Mumbai,26-04-2016,0,34,0,0
Mumbai,27-04-2016,0,33.99,0,0
Mumbai,28-04-2016,0,34.73,0,0
Mumbai,29-04-2016,0,33.8,0,0
Mumbai,30-04-2016,0,36.67,0,0
Mumbai,01-05-2016,0,34.63,0,0
Mumbai,02-05-2016,0,34.66,0,0
Mumbai,03-05-2016,0,35.46,0,0
Mumbai,04-05-2016,0,35.1,0,0
Mumbai,05-05-2016,0,35.86,0,0
Mumbai,06-05-2016,0,36.91,0,0
Mumbai,07-05-2016,0,37.2,0,0
Mumbai,08-05-2016,0,34.65,0,0
Mumbai,09-05-2016,0,37.14,0,0
Mumbai,10-05-2016,0,37.73,0,0
Mumbai,11-05-2016,0,22.31,0,0
Mumbai,12-05-2016,0,8.19,0,0
Mumbai,13-05-2016,0,13.13,0,0
Mumbai,14-05-2016,0,12.79,0,0
Mumbai,15-05-2016,0,11.68,0,0
Mumbai,16-05-2016,0,13.94,0,0
Mumbai,17-05-2016,0,14.28,0,0
Mumbai,18-05-2016,0,14.79,0,0
Mumbai,19-05-2016,0,14.48,0,0
Mumbai,20-05-2016,0,15.88,0,0
Mumbai,21-05-2016,0,18.2,0,0
Mumbai,22-05-2016,0,16.48,0,0
Mumbai,23-05-2016,0,16.52,0,0
Mumbai,24-05-2016,0,19.33,0,0
Mumbai,25-05-2016,0,16.17,0,0
Mumbai,26-05-2016,0,1.89,0,0
Mumbai,27-05-2016,0,4.63,0,0
Mumbai,28-05-2016,0,6.95,0,0
Mumbai,29-05-2016,0,4.76,0,0
Mumbai,30-05-2016,0,6.22,0,0
Mumbai,31-05-2016,0,5.38,0,0
Mumbai,01-06-2016,0,4.9,0,0
Mumbai,02-06-2016,0,5.15,0,0
Mumbai,03-06-2016,0,5.24,0,0
Mumbai,04-06-2016,0,4.9,0,0
Mumbai,05-06-2016,0,5.3,0,0
Mumbai,06-06-2016,0,5.2,0,0
Mumbai,07-06-2016,0,5.21,0,0
Mumbai,08-06-2016,0,5.79,0,0
Mumbai,09-06-2016,0,5.11,0,0
Mumbai,10-06-2016,0,6.2,0,0
Mumbai,11-06-2016,0,7.6,0,0
Mumbai,12-06-2016,0,6.4,0,0
Mumbai,13-06-2016,0,6.43,0,0
Mumbai,14-06-2016,0,9.66,0,0
Mumbai,15-06-2016,0,16.88,0,0
Mumbai,16-06-2016,0,15.96,0,0
Mumbai,17-06-2016,0,15.36,0,0
Mumbai,18-06-2016,0,16.55,0,0
Mumbai,19-06-2016,0,16.66,0,0
Mumbai,20-06-2016,0,16.12,0,0
Mumbai,21-06-2016,0,15.32,0,0
Mumbai,22-06-2016,0,0,0,0
Mumbai,23-06-2016,0,0,0,0
Mumbai,24-06-2016,0,77.59,0,0
Mumbai,25-06-2016,0,0,0,0
Mumbai,26-06-2016,0,0,0,0
Mumbai,27-06-2016,0,0,0,0
Mumbai,28-06-2016,0,0,0,0
Mumbai,29-06-2016,0,0,0,0
Mumbai,30-06-2016,0,99.96,0,0
Mumbai,01-07-2016,0,111.48,0,0
Mumbai,02-07-2016,0,14.15,0,0
Mumbai,03-07-2016,0,99.18,0,0
Mumbai,04-07-2016,0,82.27,0,0
Mumbai,05-07-2016,0,79.53,0,0
Mumbai,06-07-2016,0,42.96,0,0
Mumbai,07-07-2016,0,26.35,0,0
Mumbai,08-07-2016,0,25.2,0,0
Mumbai,09-07-2016,0,19.99,0,0
Mumbai,10-07-2016,0,16.85,0,0
Mumbai,11-07-2016,0,17.83,0,0
Mumbai,12-07-2016,0,18.72,0,0
Mumbai,13-07-2016,0,17.3,0,0
Mumbai,14-07-2016,0,68.16,0,0
Mumbai,15-07-2016,0,139.88,0,0
Mumbai,16-07-2016,0,13.52,0,0
Mumbai,17-07-2016,0,88.11,0,0
Mumbai,18-07-2016,0,17.39,0,0
Mumbai,19-07-2016,0,33.16,0,0
Mumbai,20-07-2016,0,16.9,0,0
Mumbai,21-07-2016,0,60.9,0,0
Mumbai,22-07-2016,0,34.5,0,0
Mumbai,23-07-2016,0,64.61,0,0
Mumbai,24-07-2016,0,137.22,0,0
Mumbai,25-07-2016,0,67.99,0,0
Mumbai,26-07-2016,0,31.25,0,0
Mumbai,27-07-2016,0,194.1,0,0
Mumbai,28-07-2016,0,467.63,0,0
Mumbai,29-07-2016,0,378.31,0,0
Mumbai,30-07-2016,0,16.78,0,0
Mumbai,31-07-2016,0,98.26,0,0
Mumbai,01-08-2016,0,177.87,0,0
Mumbai,02-08-2016,0,260.73,0,0
Mumbai,03-08-2016,0,212.6,0,0
Mumbai,04-08-2016,0,27.3,0,0
Mumbai,05-08-2016,0,165.44,0,0
Mumbai,06-08-2016,0,142.18,0,0
Mumbai,07-08-2016,0,273.33,0,0
Mumbai,08-08-2016,0,261.63,0,0
Mumbai,09-08-2016,0,172.24,0,0
Mumbai,10-08-2016,0,142.25,0,0
Mumbai,11-08-2016,0,150.77,0,0
Mumbai,12-08-2016,0,0,0,0
Mumbai,13-08-2016,0,0,0,0
Mumbai,14-08-2016,0,0,0,0
Mumbai,15-08-2016,0,0,0,0
Mumbai,16-08-2016,0,0,0,0
Mumbai,17-08-2016,0,0,0,0
Mumbai,18-08-2016,0,0,0,0
Mumbai,19-08-2016,0,0,0,0
Mumbai,20-08-2016,0,0,0,0
Mumbai,21-08-2016,0,0,0,0
Mumbai,22-08-2016,0,0,0,0
Mumbai,23-08-2016,0,0,0,0
Mumbai,24-08-2016,0,0,0,0
Mumbai,25-08-2016,0,0,0,0
Mumbai,26-08-2016,0,0,0,0
Mumbai,27-08-2016,0,0,0,0
Mumbai,28-08-2016,0,0,0,0
Mumbai,29-08-2016,0,0,0,0
Mumbai,30-08-2016,0,0,0,0
Mumbai,31-08-2016,0,0,0,0
Mumbai,01-09-2016,0,0,0,0
Mumbai,02-09-2016,0,0,0,0
Mumbai,03-09-2016,0,0,0,0
Mumbai,04-09-2016,0,0,0,0
Mumbai,05-09-2016,0,0,0,0
Mumbai,06-09-2016,0,0,0,0
Mumbai,07-09-2016,0,0,0,0
Mumbai,08-09-2016,0,0,0,0
Mumbai,09-09-2016,0,0,0,0
Mumbai,10-09-2016,0,0,0,0
Mumbai,11-09-2016,0,0,0,0
Mumbai,12-09-2016,0,0,0,0
Mumbai,13-09-2016,0,0,0,0
Mumbai,14-09-2016,0,0,0,0
Mumbai,15-09-2016,0,0,0,0
Mumbai,16-09-2016,0,0,0,0
Mumbai,17-09-2016,0,0,0,0
Mumbai,18-09-2016,0,0,0,0
Mumbai,19-09-2016,0,0,0,0
Mumbai,20-09-2016,0,0,0,0
Mumbai,21-09-2016,0,0,0,0
Mumbai,22-09-2016,0,0,0,0
Mumbai,23-09-2016,0,0,0,0
Mumbai,24-09-2016,0,0,0,0
Mumbai,25-09-2016,0,0,0,0
Mumbai,26-09-2016,0,0,0,0
Mumbai,27-09-2016,0,0,0,0
Mumbai,28-09-2016,0,0,0,0
Mumbai,29-09-2016,0,0,0,0
Mumbai,30-09-2016,0,0,0,0
Mumbai,01-10-2016,0,0,0,0
Mumbai,02-10-2016,0,0,0,0
Mumbai,03-10-2016,0,0,0,0
Mumbai,04-10-2016,0,0,0,0
Mumbai,05-10-2016,0,0,0,0
Mumbai,06-10-2016,0,0,0,0
Mumbai,07-10-2016,0,0,0,0
Mumbai,08-10-2016,0,0,0,0
Mumbai,09-10-2016,0,0,0,0
Mumbai,10-10-2016,0,0,0,0
Mumbai,11-10-2016,0,0,0,0
Mumbai,12-10-2016,0,0,0,0
Mumbai,13-10-2016,0,0,0,0
Mumbai,14-10-2016,0,0,0,0
Mumbai,15-10-2016,0,0,0,0
Mumbai,16-10-2016,0,0,0,0
Mumbai,17-10-2016,0,0,0,0
Mumbai,18-10-2016,0,0,0,0
Mumbai,19-10-2016,0,0,0,0
Mumbai,20-10-2016,0,0,0,0
Mumbai,21-10-2016,0,0,0,0
Mumbai,22-10-2016,0,0,0,0
Mumbai,23-10-2016,0,0,0,0
Mumbai,24-10-2016,0,0,0,0
Mumbai,25-10-2016,0,0,0,0
Mumbai,26-10-2016,0,0,0,0
Mumbai,27-10-2016,0,0,0,0
Mumbai,28-10-2016,0,0,0,0
Mumbai,29-10-2016,0,0,0,0
Mumbai,30-10-2016,0,0,0,0
Mumbai,31-10-2016,0,0,0,0
Mumbai,01-11-2016,0,0,0,0
Mumbai,02-11-2016,0,0,0,0
Mumbai,03-11-2016,0,0,0,0
Mumbai,04-11-2016,0,0,0,0
Mumbai,05-11-2016,0,0,0,0
Mumbai,06-11-2016,0,0,0,0
Mumbai,07-11-2016,0,0,0,0
Mumbai,08-11-2016,0,0,0,0
Mumbai,09-11-2016,0,0,0,0
Mumbai,10-11-2016,0,0,0,0
Mumbai,11-11-2016,0,0,0,0
Mumbai,12-11-2016,0,0,0,0
Mumbai,13-11-2016,0,0,0,0
Mumbai,14-11-2016,0,0,0,0
Mumbai,15-11-2016,0,0,0,0
Mumbai,16-11-2016,0,0,0,0
Mumbai,17-11-2016,0,0,0,0
Mumbai,18-11-2016,0,0,0,0
Mumbai,19-11-2016,0,0,0,0
Mumbai,20-11-2016,0,0,0,0
Mumbai,21-11-2016,0,0,0,0
Mumbai,22-11-2016,0,0,0,0
Mumbai,23-11-2016,0,0,0,0
Mumbai,24-11-2016,0,0,0,0
Mumbai,25-11-2016,0,0,0,0
Mumbai,26-11-2016,0,0,0,0
Mumbai,27-11-2016,0,0,0,0
Mumbai,28-11-2016,0,0,0,0
Mumbai,29-11-2016,0,0,0,0
Mumbai,30-11-2016,0,0,0,0
Mumbai,01-12-2016,0,0,0,0
Mumbai,02-12-2016,0,0,0,0
Mumbai,03-12-2016,0,0,0,0
Mumbai,04-12-2016,0,0,0,0
Mumbai,05-12-2016,0,0,0,0
Mumbai,06-12-2016,0,0,0,0
Mumbai,07-12-2016,0,0,0,0
Mumbai,08-12-2016,0,0,0,0
Mumbai,09-12-2016,0,0,0,0
Mumbai,10-12-2016,0,0,0,0
Mumbai,11-12-2016,0,0,0,0
Mumbai,12-12-2016,0,0,0,0
Mumbai,13-12-2016,0,0,0,0
Mumbai,14-12-2016,0,0,0,0
Mumbai,15-12-2016,0,0,0,0
Mumbai,16-12-2016,0,0,0,0
Mumbai,17-12-2016,0,0,0,0
Mumbai,18-12-2016,0,0,0,0
Mumbai,19-12-2016,0,0,0,0
Mumbai,20-12-2016,0,0,0,0
Mumbai,21-12-2016,0,0,0,0
Mumbai,22-12-2016,0,0,0,0
Mumbai,23-12-2016,0,0,0,0
Mumbai,24-12-2016,0,0,0,0
Mumbai,25-12-2016,0,0,0,0
Mumbai,26-12-2016,0,0,0,0
Mumbai,27-12-2016,0,0,0,0
Mumbai,28-12-2016,0,0,0,0
Mumbai,29-12-2016,0,0,0,0
Mumbai,30-12-2016,0,0,0,0
Mumbai,31-12-2016,0,0,0,0
Mumbai,01-01-2017,0,0,0,0
Mumbai,02-01-2017,0,0,0,0
Mumbai,03-01-2017,0,0,0,0
Mumbai,04-01-2017,0,0,0,0
Mumbai,05-01-2017,0,0,0,0
Mumbai,06-01-2017,0,0,0,0
Mumbai,07-01-2017,0,0,0,0
Mumbai,08-01-2017,0,0,0,0
Mumbai,09-01-2017,0,0,0,0
Mumbai,10-01-2017,0,0,0,0
Mumbai,11-01-2017,0,0,0,0
Mumbai,12-01-2017,0,0,0,0
Mumbai,13-01-2017,0,0,0,0
Mumbai,14-01-2017,0,0,0,0
Mumbai,15-01-2017,0,0,0,0
Mumbai,16-01-2017,0,0,0,0
Mumbai,17-01-2017,0,0,0,0
Mumbai,18-01-2017,0,0,0,0
Mumbai,19-01-2017,0,0,0,0
Mumbai,20-01-2017,0,0,0,0
Mumbai,21-01-2017,0,0,0,0
Mumbai,22-01-2017,0,0,0,0
Mumbai,23-01-2017,0,0,0,0
Mumbai,24-01-2017,0,0,0,0
Mumbai,25-01-2017,0,0,0,0
Mumbai,26-01-2017,0,0,0,0
Mumbai,27-01-2017,0,0,0,0
Mumbai,28-01-2017,0,0,0,0
Mumbai,29-01-2017,0,0,0,0
Mumbai,30-01-2017,0,0,0,0
Mumbai,31-01-2017,0,0,0,0
Mumbai,01-02-2017,0,0,0,0
Mumbai,02-02-2017,0,0,0,0
Mumbai,03-02-2017,0,0,0,0
Mumbai,04-02-2017,0,0,0,0
Mumbai,05-02-2017,0,0,0,0
Mumbai,06-02-2017,0,0,0,0
Mumbai,07-02-2017,0,0,0,0
Mumbai,08-02-2017,0,0,0,0
Mumbai,09-02-2017,0,0,0,0
Mumbai,10-02-2017,0,0,0,0
Mumbai,11-02-2017,0,0,0,0
Mumbai,12-02-2017,0,0,0,0
Mumbai,13-02-2017,0,0,0,0
Mumbai,14-02-2017,0,0,0,0
Mumbai,15-02-2017,0,0,0,0
Mumbai,16-02-2017,0,0,0,0
Mumbai,17-02-2017,0,0,0,0
Mumbai,18-02-2017,0,0,0,0
Mumbai,19-02-2017,0,0,0,0
Mumbai,20-02-2017,0,0,0,0
Mumbai,21-02-2017,0,0,0,0
Mumbai,22-02-2017,0,0,0,0
Mumbai,23-02-2017,0,0,0,0
Mumbai,24-02-2017,0,0,0,0
Mumbai,25-02-2017,0,0,0,0
Mumbai,26-02-2017,0,0,0,0
Mumbai,27-02-2017,0,0,0,0
Mumbai,28-02-2017,0,0,0,0
Mumbai,01-03-2017,0,0,0,0
Mumbai,02-03-2017,0,0,0,0
Mumbai,03-03-2017,0,0,0,0
Mumbai,04-03-2017,0,0,0,0
Mumbai,05-03-2017,0,0,0,0
Mumbai,06-03-2017,0,0,0,0
Mumbai,07-03-2017,0,0,0,0
Mumbai,08-03-2017,0,0,0,0
Mumbai,09-03-2017,0,0,0,0
Mumbai,10-03-2017,0,0,0,0
Mumbai,11-03-2017,0,0,0,0
Mumbai,12-03-2017,0,0,0,0
Mumbai,13-03-2017,0,0,0,0
Mumbai,14-03-2017,0,0,0,0
Mumbai,15-03-2017,0,0,0,0
Mumbai,16-03-2017,0,0,0,0
Mumbai,17-03-2017,0,0,0,0
Mumbai,18-03-2017,0,0,0,0
Mumbai,19-03-2017,0,0,0,0
Mumbai,20-03-2017,0,0,0,0
Mumbai,21-03-2017,0,0,0,0
Mumbai,22-03-2017,0,0,0,0
Mumbai,23-03-2017,0,0,0,0
Mumbai,24-03-2017,0,0,0,0
Mumbai,25-03-2017,0,0,0,0
Mumbai,26-03-2017,0,0,0,0
Mumbai,27-03-2017,0,0,0,0
Mumbai,28-03-2017,0,0,0,0
Mumbai,29-03-2017,0,0,0,0
Mumbai,30-03-2017,0,0,0,0
Mumbai,31-03-2017,0,0,0,0
Mumbai,01-04-2017,0,0,0,0
Mumbai,02-04-2017,0,0,0,0
Mumbai,03-04-2017,0,0,0,0
Mumbai,04-04-2017,0,0,0,0
Mumbai,05-04-2017,0,0,0,0
Mumbai,06-04-2017,0,0,0,0
Mumbai,07-04-2017,0,0,0,0
Mumbai,08-04-2017,0,0,0,0
Mumbai,09-04-2017,0,0,0,0
Mumbai,10-04-2017,0,0,0,0
Mumbai,11-04-2017,0,0,0,0
Mumbai,12-04-2017,0,0,0,0
Mumbai,13-04-2017,0,0,0,0
Mumbai,14-04-2017,0,0,0,0
Mumbai,15-04-2017,0,0,0,0
Mumbai,16-04-2017,0,0,0,0
Mumbai,17-04-2017,0,0,0,0
Mumbai,18-04-2017,0,0,0,0
Mumbai,19-04-2017,0,0,0,0
Mumbai,20-04-2017,0,0,0,0
Mumbai,21-04-2017,0,0,0,0
Mumbai,22-04-2017,0,0,0,0
Mumbai,23-04-2017,0,0,0,0
Mumbai,24-04-2017,0,0,0,0
Mumbai,25-04-2017,0,0,0,0
Mumbai,26-04-2017,0,0,0,0
Mumbai,27-04-2017,0,0,0,0
Mumbai,28-04-2017,0,0,0,0
Mumbai,29-04-2017,0,0,0,0
Mumbai,30-04-2017,0,0,0,0
Mumbai,01-05-2017,0,0,0,0
Mumbai,02-05-2017,0,0,0,0
Mumbai,03-05-2017,0,0,0,0
Mumbai,04-05-2017,0,0,0,0
Mumbai,05-05-2017,0,0,0,0
Mumbai,06-05-2017,0,0,0,0
Mumbai,07-05-2017,0,0,0,0
Mumbai,08-05-2017,0,0,0,0
Mumbai,09-05-2017,0,0,0,0
Mumbai,10-05-2017,0,0,0,0
Mumbai,11-05-2017,0,0,0,0
Mumbai,12-05-2017,0,0,0,0
Mumbai,13-05-2017,0,0,0,0
Mumbai,14-05-2017,0,0,0,0
Mumbai,15-05-2017,0,0,0,0
Mumbai,16-05-2017,0,0,0,0
Mumbai,17-05-2017,0,0,0,0
Mumbai,18-05-2017,0,0,0,0
Mumbai,19-05-2017,0,0,0,0
Mumbai,20-05-2017,0,0,0,0
Mumbai,21-05-2017,0,0,0,0
Mumbai,22-05-2017,0,0,0,0
Mumbai,23-05-2017,0,0,0,0
Mumbai,24-05-2017,0,0,0,0
Mumbai,25-05-2017,0,0,0,0
Mumbai,26-05-2017,0,0,0,0
Mumbai,27-05-2017,0,0,0,0
Mumbai,28-05-2017,0,0,0,0
Mumbai,29-05-2017,0,0,0,0
Mumbai,30-05-2017,0,0,0,0
Mumbai,31-05-2017,0,0,0,0
Mumbai,01-06-2017,0,0,0,0
Mumbai,02-06-2017,0,0,0,0
Mumbai,03-06-2017,0,0,0,0
Mumbai,04-06-2017,0,0,0,0
Mumbai,05-06-2017,0,0,0,0
Mumbai,06-06-2017,0,0,0,0
Mumbai,07-06-2017,0,0,0,0
Mumbai,08-06-2017,0,0,0,0
Mumbai,09-06-2017,0,0,0,0
Mumbai,10-06-2017,0,0,0,0
Mumbai,11-06-2017,0,0,0,0
Mumbai,12-06-2017,0,0,0,0
Mumbai,13-06-2017,0,0,0,0
Mumbai,14-06-2017,0,0,0,0
Mumbai,15-06-2017,0,0,0,0
Mumbai,16-06-2017,0,0,0,0
Mumbai,17-06-2017,0,0,0,0
Mumbai,18-06-2017,0,0,0,0
Mumbai,19-06-2017,0,0,0,0
Mumbai,20-06-2017,0,0,0,0
Mumbai,21-06-2017,0,0,0,0
Mumbai,22-06-2017,0,0,0,0
Mumbai,23-06-2017,0,0,0,0
Mumbai,24-06-2017,0,0,0,0
Mumbai,25-06-2017,0,0,0,0
Mumbai,26-06-2017,0,0,0,0
Mumbai,27-06-2017,0,0,0,0
Mumbai,28-06-2017,0,0,0,0
Mumbai,29-06-2017,0,0,0,0
Mumbai,30-06-2017,0,0,0,0
Mumbai,01-07-2017,0,0,0,0
Mumbai,02-07-2017,0,0,0,0
Mumbai,03-07-2017,0,0,0,0
Mumbai,04-07-2017,0,0,0,0
Mumbai,05-07-2017,0,0,0,0
Mumbai,06-07-2017,0,0,0,0
Mumbai,07-07-2017,0,0,0,0
Mumbai,08-07-2017,0,0,0,0
Mumbai,09-07-2017,0,0,0,0
Mumbai,10-07-2017,0,0,0,0
Mumbai,11-07-2017,0,0,0,0
Mumbai,12-07-2017,0,0,0,0
Mumbai,13-07-2017,0,0,0,0
Mumbai,14-07-2017,0,0,0,0
Mumbai,15-07-2017,0,0,0,0
Mumbai,16-07-2017,0,0,0,0
Mumbai,17-07-2017,0,0,0,0
Mumbai,18-07-2017,0,0,0,0
Mumbai,19-07-2017,0,0,0,0
Mumbai,20-07-2017,0,0,0,0
Mumbai,21-07-2017,0,0,0,0
Mumbai,22-07-2017,0,0,0,0
Mumbai,23-07-2017,0,0,0,0
Mumbai,24-07-2017,0,0,0,0
Mumbai,25-07-2017,0,0,0,0
Mumbai,26-07-2017,0,0,0,0
Mumbai,27-07-2017,0,0,0,0
Mumbai,28-07-2017,0,0,0,0
Mumbai,29-07-2017,0,0,0,0
Mumbai,30-07-2017,0,0,0,0
Mumbai,31-07-2017,0,0,0,0
Mumbai,01-08-2017,0,0,0,0
Mumbai,02-08-2017,0,0,0,0
Mumbai,03-08-2017,0,0,0,0
Mumbai,04-08-2017,0,0,0,0
Mumbai,05-08-2017,0,0,0,0
Mumbai,06-08-2017,0,0,0,0
Mumbai,07-08-2017,0,0,0,0
Mumbai,08-08-2017,0,0,0,0
Mumbai,09-08-2017,0,0,0,0
Mumbai,10-08-2017,0,0,0,0
Mumbai,11-08-2017,0,0,0,0
Mumbai,12-08-2017,0,0,0,0
Mumbai,13-08-2017,0,0,0,0
Mumbai,14-08-2017,0,0,0,0
Mumbai,15-08-2017,0,0,0,0
Mumbai,16-08-2017,0,0,0,0
Mumbai,17-08-2017,0,0,0,0
Mumbai,18-08-2017,0,0,0,0
Mumbai,19-08-2017,0,0,0,0
Mumbai,20-08-2017,0,0,0,0
Mumbai,21-08-2017,0,0,0,0
Mumbai,22-08-2017,0,0,0,0
Mumbai,23-08-2017,0,0,0,0
Mumbai,24-08-2017,0,0,0,0
Mumbai,25-08-2017,0,0,0,0
Mumbai,26-08-2017,0,0,0,0
Mumbai,27-08-2017,0,0,0,0
Mumbai,28-08-2017,0,0,0,0
Mumbai,29-08-2017,0,0,0,0
Mumbai,30-08-2017,0,0,0,0
Mumbai,31-08-2017,0,0,0,0
Mumbai,01-09-2017,0,0,0,0
Mumbai,02-09-2017,0,0,0,0
Mumbai,03-09-2017,0,0,0,0
Mumbai,04-09-2017,0,0,0,0
Mumbai,05-09-2017,0,0,0,0
Mumbai,06-09-2017,0,0,0,0
Mumbai,07-09-2017,0,0,0,0
Mumbai,08-09-2017,0,0,0,0
Mumbai,09-09-2017,0,0,0,0
Mumbai,10-09-2017,0,0,0,0
Mumbai,11-09-2017,0,0,0,0
Mumbai,12-09-2017,0,0,0,0
Mumbai,13-09-2017,0,0,0,0
Mumbai,14-09-2017,0,0,0,0
Mumbai,15-09-2017,0,0,0,0
Mumbai,16-09-2017,0,0,0,0
Mumbai,17-09-2017,0,0,0,0
Mumbai,18-09-2017,0,0,0,0
Mumbai,19-09-2017,0,0,0,0
Mumbai,20-09-2017,0,0,0,0
Mumbai,21-09-2017,0,0,0,0
Mumbai,22-09-2017,0,0,0,0
Mumbai,23-09-2017,0,0,0,0
Mumbai,24-09-2017,0,0,0,0
Mumbai,25-09-2017,0,0,0,0
Mumbai,26-09-2017,0,0,0,0
Mumbai,27-09-2017,0,0,0,0
Mumbai,28-09-2017,0,0,0,0
Mumbai,29-09-2017,0,0,0,0
Mumbai,30-09-2017,0,0,0,0
Mumbai,01-10-2017,0,0,0,0
Mumbai,02-10-2017,0,0,0,0
Mumbai,03-10-2017,0,0,0,0
Mumbai,04-10-2017,0,0,0,0
Mumbai,05-10-2017,0,0,0,0
Mumbai,06-10-2017,0,0,0,0
Mumbai,07-10-2017,0,0,0,0
Mumbai,08-10-2017,0,0,0,0
Mumbai,09-10-2017,0,0,0,0
Mumbai,10-10-2017,0,0,0,0
Mumbai,11-10-2017,0,0,0,0
Mumbai,12-10-2017,0,0,0,0
Mumbai,13-10-2017,0,0,0,0
Mumbai,14-10-2017,0,0,0,0
Mumbai,15-10-2017,0,0,0,0
Mumbai,16-10-2017,0,0,0,0
Mumbai,17-10-2017,0,0,0,0
Mumbai,18-10-2017,0,0,0,0
Mumbai,19-10-2017,0,0,0,0
Mumbai,20-10-2017,0,0,0,0
Mumbai,21-10-2017,0,0,0,0
Mumbai,22-10-2017,0,0,0,0
Mumbai,23-10-2017,0,0,0,0
Mumbai,24-10-2017,0,0,0,0
Mumbai,25-10-2017,0,0,0,0
Mumbai,26-10-2017,0,0,0,0
Mumbai,27-10-2017,0,0,0,0
Mumbai,28-10-2017,0,0,0,0
Mumbai,29-10-2017,0,0,0,0
Mumbai,30-10-2017,0,0,0,0
Mumbai,31-10-2017,0,0,0,0
Mumbai,01-11-2017,0,0,0,0
Mumbai,02-11-2017,0,0,0,0
Mumbai,03-11-2017,0,0,0,0
Mumbai,04-11-2017,0,0,0,0
Mumbai,05-11-2017,0,0,0,0
Mumbai,06-11-2017,0,0,0,0
Mumbai,07-11-2017,0,0,0,0
Mumbai,08-11-2017,0,0,0,0
Mumbai,09-11-2017,0,0,0,0
Mumbai,10-11-2017,0,0,0,0
Mumbai,11-11-2017,0,0,0,0
Mumbai,12-11-2017,0,0,0,0
Mumbai,13-11-2017,0,0,0,0
Mumbai,14-11-2017,0,0,0,0
Mumbai,15-11-2017,0,0,0,0
Mumbai,16-11-2017,0,0,0,0
Mumbai,17-11-2017,0,0,0,0
Mumbai,18-11-2017,0,0,0,0
Mumbai,19-11-2017,0,18.54,0,0
Mumbai,20-11-2017,0,24.57,0,0
Mumbai,21-11-2017,0,21.73,0,0
Mumbai,22-11-2017,0,18.83,0,0
Mumbai,23-11-2017,0,23.69,0,0
Mumbai,24-11-2017,0,23.81,0,0
Mumbai,25-11-2017,0,21.4,0,0
Mumbai,26-11-2017,0,22.3,0,0
Mumbai,27-11-2017,0,26.17,0,0
Mumbai,28-11-2017,0,32.21,0,0
Mumbai,29-11-2017,0,26.52,0,0
Mumbai,30-11-2017,0,27.5,0,0
Mumbai,01-12-2017,0,25.79,0,0
Mumbai,02-12-2017,0,29.7,0,0
Mumbai,03-12-2017,0,28.17,0,0
Mumbai,04-12-2017,0,26.61,0,0
Mumbai,05-12-2017,0,23.47,0,0
Mumbai,06-12-2017,0,21.11,0,0
Mumbai,07-12-2017,0,23.93,0,0
Mumbai,08-12-2017,0,21.25,0,193.86
Mumbai,09-12-2017,0,18.76,0,0
Mumbai,10-12-2017,0,19.5,0,0
Mumbai,11-12-2017,0,23.32,0,0
Mumbai,12-12-2017,0,31.43,0,0
Mumbai,13-12-2017,0,31.13,0,0
Mumbai,14-12-2017,0,33.7,0,0
Mumbai,15-12-2017,0,35.5,0,0
Mumbai,16-12-2017,0,33.31,0,0
Mumbai,17-12-2017,0,35.3,0,0
Mumbai,18-12-2017,0,57.84,0,0
Mumbai,19-12-2017,0,16.1,0,0
Mumbai,20-12-2017,0,170.9,0,0
Mumbai,21-12-2017,0,129.9,0,0
Mumbai,22-12-2017,0,130.96,0,0
Mumbai,23-12-2017,0,129.7,0,3.62
Mumbai,24-12-2017,0,132.17,0,0
Mumbai,25-12-2017,0,84.58,0,0
Mumbai,26-12-2017,0,76.2,0,0
Mumbai,27-12-2017,0,127,0,0
Mumbai,28-12-2017,0,156.72,0,0
Mumbai,29-12-2017,0,163.79,0,0
Mumbai,30-12-2017,0,146.13,0,0
Mumbai,31-12-2017,0,149.36,0,0
Mumbai,01-01-2018,0,123.48,0.28,0
Mumbai,02-01-2018,0,148.1,1.64,0
Mumbai,03-01-2018,0,115.35,3.64,0
Mumbai,04-01-2018,0,112.87,3.55,0
Mumbai,05-01-2018,0,81.9,2.68,0
Mumbai,06-01-2018,0,111.1,2.97,0
Mumbai,07-01-2018,0,86.45,2.62,0
Mumbai,08-01-2018,0,77.62,2.49,0
Mumbai,09-01-2018,0,71.35,2.14,0
Mumbai,10-01-2018,0,17.5,2.43,0
Mumbai,11-01-2018,0,81.3,2.13,0
Mumbai,12-01-2018,0,84.96,2.16,0
Mumbai,13-01-2018,0,41.92,1.93,0
Mumbai,14-01-2018,0,74,2.12,0
Mumbai,15-01-2018,0,18.92,2.53,0
Mumbai,16-01-2018,0,94.91,1.96,0
Mumbai,17-01-2018,0,83.65,1.46,0
Mumbai,18-01-2018,0,94.41,1.22,0
Mumbai,19-01-2018,0,137.24,1.42,0
Mumbai,20-01-2018,0,79.37,1.16,0
Mumbai,21-01-2018,0,81.58,1.29,0
Mumbai,22-01-2018,0,86.28,1.3,0
Mumbai,23-01-2018,0,28.18,0.83,0
Mumbai,24-01-2018,0,90.98,0.1,0
Mumbai,25-01-2018,0,0,0,0
Mumbai,26-01-2018,0,0,0,0
Mumbai,27-01-2018,0,0,0,0
Mumbai,28-01-2018,0,0,0,0
Mumbai,29-01-2018,0,0,0,0
Mumbai,30-01-2018,0,0,0,0
Mumbai,31-01-2018,0,0,0,0
Mumbai,01-02-2018,0,143.92,1.4,0
Mumbai,02-02-2018,0,94.33,1.3,0
Mumbai,03-02-2018,0,44.52,1.6,0
Mumbai,04-02-2018,0,127.49,1.79,0
Mumbai,05-02-2018,0,11.68,1.59,0
Mumbai,06-02-2018,0,95.36,1.69,0
Mumbai,07-02-2018,0,68.63,1.62,0
Mumbai,08-02-2018,0,62.84,1.6,0
Mumbai,09-02-2018,0,51.4,1.37,0
Mumbai,10-02-2018,0,88.28,1.54,0
Mumbai,11-02-2018,0,41.31,1.33,0
Mumbai,12-02-2018,0,33.95,1.4,0
Mumbai,13-02-2018,0,64.53,1.41,0
Mumbai,14-02-2018,0,93.35,1.5,0
Mumbai,15-02-2018,0,40.8,1.1,0
Mumbai,16-02-2018,0,58.1,0.96,0
Mumbai,17-02-2018,0,51.66,0.99,0
Mumbai,18-02-2018,0,66.3,0.98,0
Mumbai,19-02-2018,0,83.43,1.8,0
Mumbai,20-02-2018,0,57.73,1.18,68.43
Mumbai,21-02-2018,0,51.36,1.2,0
Mumbai,22-02-2018,0,116.57,1.53,0
Mumbai,23-02-2018,0,17.44,1.37,0
Mumbai,24-02-2018,0,195.92,1.55,0
Mumbai,25-02-2018,0,185.1,1.71,0
Mumbai,26-02-2018,0,200.29,1.65,0
Mumbai,27-02-2018,0,271.94,1.81,0
Mumbai,28-02-2018,0,267.6,1.93,0
Mumbai,01-03-2018,0,255.18,1.97,0
Mumbai,02-03-2018,0,119.47,2.7,0
Mumbai,03-03-2018,0,120.64,1.88,0
Mumbai,04-03-2018,0,57.87,1.7,0
Mumbai,05-03-2018,0,74.6,1.7,0
Mumbai,06-03-2018,0,70.27,1.78,0
Mumbai,07-03-2018,0,44.13,1.72,0
Mumbai,08-03-2018,0,14.37,1.73,0
Mumbai,09-03-2018,0,118.72,1.8,0
Mumbai,10-03-2018,0,21.7,1.74,0
Mumbai,11-03-2018,0,76.15,1.86,0
Mumbai,12-03-2018,0,110.99,1.67,0
Mumbai,13-03-2018,0,63.2,1.34,0
Mumbai,14-03-2018,0,33.58,1.26,0
Mumbai,15-03-2018,0,53.56,1.31,0
Mumbai,16-03-2018,0,59.86,1.5,0
Mumbai,17-03-2018,0,58.81,1.48,0
Mumbai,18-03-2018,0,60.39,1.36,0
Mumbai,19-03-2018,0,47.85,1.4,0
Mumbai,20-03-2018,0,50.96,1.44,0
Mumbai,21-03-2018,0,40.9,1.53,0
Mumbai,22-03-2018,0,67.51,1.91,0
Mumbai,23-03-2018,0,80.68,1.72,0
Mumbai,24-03-2018,0,56.4,1.7,0
Mumbai,25-03-2018,0,80.13,1.67,0
Mumbai,26-03-2018,0,67.93,1.66,164.37
Mumbai,27-03-2018,0,38.38,1.5,0
Mumbai,28-03-2018,0,42.56,1.36,0
Mumbai,29-03-2018,0,45.33,1.17,0
Mumbai,30-03-2018,0,59.32,1.11,0
Mumbai,31-03-2018,0,50.75,1.1,0
Mumbai,01-04-2018,0,87.87,1.37,0
Mumbai,02-04-2018,0,62.32,1.27,0
Mumbai,03-04-2018,0,65.69,1.32,0
Mumbai,04-04-2018,0,49.2,1.16,0
Mumbai,05-04-2018,0,62.54,1.23,0
Mumbai,06-04-2018,0,81.13,1.29,0
Mumbai,07-04-2018,0,83.74,1.29,0
Mumbai,08-04-2018,0,98.44,1.44,0
Mumbai,09-04-2018,0,111.33,1.55,0
Mumbai,10-04-2018,0,60.39,1.36,0
Mumbai,11-04-2018,0,76.87,1.37,0
Mumbai,12-04-2018,0,44.32,1.31,11.18
Mumbai,13-04-2018,0,55.5,1.34,0
Mumbai,14-04-2018,0,52.3,1.32,0
Mumbai,15-04-2018,0,37.38,1.28,0
Mumbai,16-04-2018,0,40.71,1.29,0
Mumbai,17-04-2018,0,56.6,1.44,0
Mumbai,18-04-2018,0,42.79,1.44,0
Mumbai,19-04-2018,0,65.51,1.47,0
Mumbai,20-04-2018,0,76.67,1.37,0
Mumbai,21-04-2018,0,14.79,1.48,0
Mumbai,22-04-2018,0,0,0,0
Mumbai,23-04-2018,0,0,0,0
Mumbai,24-04-2018,0,0,0,0
Mumbai,25-04-2018,0,50.74,1.83,0
Mumbai,26-04-2018,25.5,110.9,1.96,30.86
Mumbai,27-04-2018,0,0,0,0
Mumbai,28-04-2018,0,0,0,0
Mumbai,29-04-2018,0,0,0,0
Mumbai,30-04-2018,0,0,0,0
Mumbai,01-05-2018,0,0,0,0
Mumbai,02-05-2018,0,0,0,0
Mumbai,03-05-2018,0,0,0,0
Mumbai,04-05-2018,0,0,0,0
Mumbai,05-05-2018,0,0,0,0
Mumbai,06-05-2018,16.74,33.53,1.29,25.48
Mumbai,07-05-2018,18.44,46.3,1.3,22
Mumbai,08-05-2018,18.7,64.12,1.36,19.58
Mumbai,09-05-2018,18.55,63.4,1.35,18.59
Mumbai,10-05-2018,22.57,45.81,1.3,21.3
Mumbai,11-05-2018,23.57,46.8,1.26,24.83
Mumbai,12-05-2018,31.18,36.18,1.23,25.71
Mumbai,13-05-2018,24.22,66.43,1.36,21.32
Mumbai,14-05-2018,21.81,34.55,1.25,22.25
Mumbai,15-05-2018,14.93,33.43,1.22,20.1
Mumbai,16-05-2018,17.86,36.2,1.21,20.6
Mumbai,17-05-2018,24.73,33.18,1.25,15.89
Mumbai,18-05-2018,24.9,53.35,1.27,20.46
Mumbai,19-05-2018,23.97,49.3,1.32,24.61
Mumbai,20-05-2018,20.7,48.48,1.34,22.61
Mumbai,21-05-2018,19.1,34.1,1.27,24.7
Mumbai,22-05-2018,21.85,47.43,1.32,22.67
Mumbai,23-05-2018,24.32,31.4,1.31,23.83
Mumbai,24-05-2018,22.76,28.2,1.19,20.43
Mumbai,25-05-2018,15.38,23.2,1.6,20.99
Mumbai,26-05-2018,18.58,24.14,1.9,22.34
Mumbai,27-05-2018,15.53,27.73,1.23,26.74
Mumbai,28-05-2018,17.17,14.17,1.14,23.7
Mumbai,29-05-2018,22.54,78.73,1.16,19.44
Mumbai,30-05-2018,18.79,44.37,1.16,20.83
Mumbai,31-05-2018,20.14,38.76,1.18,20.35
Mumbai,01-06-2018,24.8,48.35,1.2,17.29
Mumbai,02-06-2018,19.38,47.49,1.46,20.91
Mumbai,03-06-2018,18.68,63.7,1.74,25.18
Mumbai,04-06-2018,19.98,47.38,1.46,24.2
Mumbai,05-06-2018,26.85,73.12,1.62,25.77
Mumbai,06-06-2018,17.66,36.88,1.7,27.29
Mumbai,07-06-2018,45.54,56.91,1.28,27.62
Mumbai,08-06-2018,17.79,53.24,1.26,26.8
Mumbai,09-06-2018,19.26,95.53,1.43,30.11
Mumbai,10-06-2018,6.2,17.43,1.4,26.72
Mumbai,11-06-2018,12.89,17.48,1,26.73
Mumbai,12-06-2018,18.2,21.61,1.5,26.76
Mumbai,13-06-2018,16.97,24.16,1.3,24.88
Mumbai,14-06-2018,19.16,33.52,1.5,21.68
Mumbai,15-06-2018,19.64,42.76,1.1,22.22
Mumbai,16-06-2018,17.2,16,1.44,29.82
Mumbai,17-06-2018,16.94,111.55,1.52,23.46
Mumbai,18-06-2018,10.87,74.79,1.45,24.73
Mumbai,19-06-2018,15.87,57.8,1.4,20.43
Mumbai,20-06-2018,25.71,54.28,1.42,19.86
Mumbai,21-06-2018,22.86,21.72,1.15,17.32
Mumbai,22-06-2018,18.9,19.87,1.19,18.99
Mumbai,23-06-2018,17.52,63.92,1.45,20.7
Mumbai,24-06-2018,10.53,49.82,1.35,19.23
Mumbai,25-06-2018,13.38,22.96,1.19,18.61
Mumbai,26-06-2018,22.6,21.95,1.17,18.95
Mumbai,27-06-2018,18.54,24.8,1.21,19.25
Mumbai,28-06-2018,19.38,66.97,1.4,19.79
Mumbai,29-06-2018,18.39,82.36,1.72,20.16
Mumbai,30-06-2018,16.59,49.77,1.49,16.63
Mumbai,01-07-2018,13,49.41,1.49,19.4
Mumbai,02-07-2018,13.78,53.6,1.37,15.46
Mumbai,03-07-2018,18.5,63.13,1.49,18.2
Mumbai,04-07-2018,14.71,24.63,1.17,15.13
Mumbai,05-07-2018,14.11,24.39,1.19,13.5
Mumbai,06-07-2018,14.53,26.52,1.17,12.65
Mumbai,07-07-2018,12.84,38.35,1.27,12.79
Mumbai,08-07-2018,0,0,1.41,0
Mumbai,09-07-2018,12.96,130.77,1.52,17.77
Mumbai,10-07-2018,12.8,32.94,1.19,14.35
Mumbai,11-07-2018,18.15,26.73,1.17,14.69
Mumbai,12-07-2018,15.31,26.92,1.16,12.3
Mumbai,13-07-2018,14.72,28.4,1.23,11.33
Mumbai,14-07-2018,19.26,26.96,1.2,11.48
Mumbai,15-07-2018,13.43,25.24,1.16,11.5
Mumbai,16-07-2018,15.67,26.96,1.17,11.43
Mumbai,17-07-2018,16.43,27.14,1.22,11.99
Mumbai,18-07-2018,23.32,26.75,1.25,11.67
Mumbai,19-07-2018,46.76,19.23,1.2,9.71
Mumbai,20-07-2018,16.52,28.85,1.24,11.57
Mumbai,21-07-2018,15,27.11,1.4,12.14
Mumbai,22-07-2018,15.37,26.61,1.2,11.8
Mumbai,23-07-2018,14.24,28.31,1.7,11.66
Mumbai,24-07-2018,15.24,29.31,1.1,13.8
Mumbai,25-07-2018,16.28,27.38,1.5,12.86
Mumbai,26-07-2018,15.88,29.75,1.15,12.88
Mumbai,27-07-2018,13.23,26.17,1.14,12.25
Mumbai,28-07-2018,14.11,27.95,1.14,13.7
Mumbai,29-07-2018,13.39,32.49,1.5,14.99
Mumbai,30-07-2018,15.45,25.84,1.15,12.34
Mumbai,31-07-2018,16.22,24.25,1.23,9.29
Mumbai,01-08-2018,14.71,23.54,1.16,10.8
Mumbai,02-08-2018,14.87,45.5,1.2,20.19
Mumbai,03-08-2018,17.72,58.1,1.18,24.59
Mumbai,04-08-2018,10.36,27.66,1.19,10.93
Mumbai,05-08-2018,9.21,37.71,1.17,15.38
Mumbai,06-08-2018,11.21,30.76,1.2,12.42
Mumbai,07-08-2018,12.65,34.7,1.21,9.22
Mumbai,08-08-2018,13.33,32.78,1.2,9.64
Mumbai,09-08-2018,11.61,44.92,1.21,12.6
Mumbai,10-08-2018,12.59,33.44,1.22,10.6
Mumbai,11-08-2018,11.7,35.26,1.24,11.8
Mumbai,12-08-2018,9.7,33.28,1.22,11.92
Mumbai,13-08-2018,12.94,30.93,1.14,9.21
Mumbai,14-08-2018,80.13,36.28,0.91,11.77
Mumbai,15-08-2018,26.83,38.26,1.12,14.45
Mumbai,16-08-2018,26.49,38,1.1,11.49
Mumbai,17-08-2018,23.72,35.6,1.9,11.53
Mumbai,18-08-2018,24.15,40.6,1.6,14.13
Mumbai,19-08-2018,22.94,34.74,1.2,11.74
Mumbai,20-08-2018,26.68,38.63,0.99,11.84
Mumbai,21-08-2018,30.76,43.35,1.2,13.7
Mumbai,22-08-2018,25.47,36.26,1.3,15.21
Mumbai,23-08-2018,23.11,43.6,1.1,15.22
Mumbai,24-08-2018,18.94,41.59,1.18,12.6
Mumbai,25-08-2018,25.28,40.23,1.33,14.85
Mumbai,26-08-2018,23.62,39.51,1.36,14.8
Mumbai,27-08-2018,26.46,66.89,1.44,14.13
Mumbai,28-08-2018,30.97,55.98,1.39,9.51
Mumbai,29-08-2018,28.58,43.9,1.31,7.65
Mumbai,30-08-2018,26.49,40.48,1.29,11.8
Mumbai,31-08-2018,25.69,41.33,1.31,11.4
Mumbai,01-09-2018,28.24,42.45,1.31,13.66
Mumbai,02-09-2018,24.3,39.41,1.32,12.45
Mumbai,03-09-2018,26.35,38.61,1.31,15.45
Mumbai,04-09-2018,23.49,38.38,1.31,14.73
Mumbai,05-09-2018,22.67,37.66,1.23,14.35
Mumbai,06-09-2018,25.5,35.96,0.98,13.51
Mumbai,07-09-2018,27.31,46.3,0.97,15.23
Mumbai,08-09-2018,26.77,43.35,0.99,15.65
Mumbai,09-09-2018,24.28,49.99,1.1,16.27
Mumbai,10-09-2018,21.84,80.8,1.27,12.41
Mumbai,11-09-2018,26.76,74.94,1.55,13.9
Mumbai,12-09-2018,21.64,53.21,1.41,11.85
Mumbai,13-09-2018,19.28,56.14,1.44,17.7
Mumbai,14-09-2018,23.52,60.46,1.57,18.26
Mumbai,15-09-2018,22.9,56.8,1.77,17.79
Mumbai,16-09-2018,25.6,55.42,1.77,16.75
Mumbai,17-09-2018,20.37,49.61,1.62,13.13
Mumbai,18-09-2018,25.51,52.76,1.58,10.78
Mumbai,19-09-2018,17.68,44.2,1.39,10.29
Mumbai,20-09-2018,25.44,59.59,1.7,11.93
Mumbai,21-09-2018,42.73,66.41,1.92,14.14
Mumbai,22-09-2018,31.22,38.19,1.35,17.8
Mumbai,23-09-2018,35.95,48.11,1.5,18.69
Mumbai,24-09-2018,33.6,57.89,1.6,14.82
Mumbai,25-09-2018,33.86,51.9,1.55,14.14
Mumbai,26-09-2018,32.52,51.22,1.57,15.17
Mumbai,27-09-2018,37.21,73.8,1.58,13.64
Mumbai,28-09-2018,44.86,88.2,2,15.19
Mumbai,29-09-2018,44.5,73.78,1.94,17.12
Mumbai,30-09-2018,54.77,76.87,2.32,20.79
Mumbai,01-10-2018,49.35,71.83,2.21,16.35
Mumbai,02-10-2018,49.52,81.23,2,15.18
Mumbai,03-10-2018,50.87,59.36,1.95,15.28
Mumbai,04-10-2018,43.4,53.24,2.9,18.74
Mumbai,05-10-2018,42.12,63.9,2.14,15.77
Mumbai,06-10-2018,48.16,69.14,2.13,16.84
Mumbai,07-10-2018,54.76,62.43,1.89,22.58
Mumbai,08-10-2018,48.6,55.91,1.76,20.49
Mumbai,09-10-2018,45.6,47.6,1.75,20.2
Mumbai,10-10-2018,42.82,57.87,1.69,18.62
Mumbai,11-10-2018,34.35,58.63,1.66,16.7
Mumbai,12-10-2018,44.57,66.67,1.76,17.23
Mumbai,13-10-2018,54.92,65.19,1.91,17.81
Mumbai,14-10-2018,48.18,73.9,2.18,18.99
Mumbai,15-10-2018,49.42,80.26,2.34,20.27
Mumbai,16-10-2018,54.25,82.26,2.41,20.25
Mumbai,17-10-2018,46.14,75.79,1.96,18.33
Mumbai,18-10-2018,26.7,71.72,1.7,19.8
Mumbai,19-10-2018,49.65,62.56,1.54,25.3
Mumbai,20-10-2018,48.89,57.87,1.62,16.53
Mumbai,21-10-2018,0,0,0,0
Mumbai,22-10-2018,65.55,51.33,1.81,17.61
Mumbai,23-10-2018,30.7,51.91,1.72,18.53
Mumbai,24-10-2018,45.4,60.86,2.38,20.83
Mumbai,25-10-2018,52.53,65.11,2.59,21.41
Mumbai,26-10-2018,39.38,54.67,1.93,19.11
Mumbai,27-10-2018,54,62.35,2.65,21.75
Mumbai,28-10-2018,0,0,0,0
Mumbai,29-10-2018,34.62,56.17,1.75,19.64
Mumbai,30-10-2018,36.32,86.4,1.87,18
Mumbai,31-10-2018,41.76,75.41,1.95,16.61
Mumbai,01-11-2018,49.85,127.38,2.1,16.34
Mumbai,02-11-2018,41.8,119.9,2.2,18.88
Mumbai,03-11-2018,40.22,11.3,1.95,14.27
Mumbai,04-11-2018,37.39,57.99,1.71,13.1
Mumbai,05-11-2018,34.93,65.45,1.74,19.92
Mumbai,06-11-2018,65.23,93.55,2.14,28.32
Mumbai,07-11-2018,67.63,164.12,2.32,28.2
Mumbai,08-11-2018,130.47,142.85,2.81,40.57
Mumbai,09-11-2018,93.59,144.47,2.76,39.24
Mumbai,10-11-2018,122.18,168.54,2.92,29.82
Mumbai,11-11-2018,63.69,150.6,2.65,25.82
Mumbai,12-11-2018,56.6,117.3,2.59,24.89
Mumbai,13-11-2018,51.4,58.83,2.1,24.14
Mumbai,14-11-2018,48.2,90.14,2.3,24.71
Mumbai,15-11-2018,49.79,11.75,2.33,23.56
Mumbai,16-11-2018,51.3,124.9,2.35,21.75
Mumbai,17-11-2018,56.72,136.18,2.75,21.46
Mumbai,18-11-2018,65.9,15.25,2.83,19.25
Mumbai,19-11-2018,0,0,0,0
Mumbai,20-11-2018,73.29,37.89,2.1,21.46
Mumbai,21-11-2018,0,0,0,0
Mumbai,22-11-2018,64.4,152.42,2.41,21.59
Mumbai,23-11-2018,48.49,87.21,2.35,18.48
Mumbai,24-11-2018,48.76,84.87,2.61,21.5
Mumbai,25-11-2018,51.75,94.35,2.89,21.99
Mumbai,26-11-2018,63.19,96,3.7,22.39
Mumbai,27-11-2018,57.74,97.62,2.87,18.53
Mumbai,28-11-2018,55.7,96.93,2.83,13.92
Mumbai,29-11-2018,53.71,84.16,2.85,14.99
Mumbai,30-11-2018,56.87,77.61,2.93,17.34
Mumbai,01-12-2018,62.5,88.2,3.2,17.4
Mumbai,02-12-2018,62.82,83.2,2.21,17.88
Mumbai,03-12-2018,76.86,81.73,1.89,16.39
Mumbai,04-12-2018,65.54,115.22,2.42,14.82
Mumbai,05-12-2018,72.91,150.46,3.26,15.46
Mumbai,06-12-2018,70.4,120.51,2.63,13.9
Mumbai,07-12-2018,54.61,86.97,2.6,19.62
Mumbai,08-12-2018,63.47,94.1,2.34,23.26
Mumbai,09-12-2018,56.9,72.16,2.12,22.11
Mumbai,10-12-2018,51.82,66.57,1.79,17.96
Mumbai,11-12-2018,49.73,93.4,1.91,18.87
Mumbai,12-12-2018,38.67,89.14,1.81,19.96
Mumbai,13-12-2018,50.3,89.36,1.81,22.4
Mumbai,14-12-2018,61.98,97.88,1.81,26.36
Mumbai,15-12-2018,57.49,84.54,1.87,29.7
Mumbai,16-12-2018,56.54,66.74,1.8,33.29
Mumbai,17-12-2018,50.82,67.63,1.7,23.54
Mumbai,18-12-2018,63.59,15.66,1.9,21.82
Mumbai,19-12-2018,66.38,152.15,1.97,20.37
Mumbai,20-12-2018,50.75,14.68,1.74,19.4
Mumbai,21-12-2018,52.93,13.29,1.9,17.82
Mumbai,22-12-2018,74.39,154.21,2.58,19.18
Mumbai,23-12-2018,92.96,149.3,2.65,21.36
Mumbai,24-12-2018,96.74,128.11,2.75,17.33
Mumbai,25-12-2018,88.48,17.87,2.72,22.33
Mumbai,26-12-2018,68.3,80.71,1.86,18.79
Mumbai,27-12-2018,67.26,93.15,1.81,22.18
Mumbai,28-12-2018,69.88,18.22,2.3,26.15
Mumbai,29-12-2018,65.85,127.32,2.5,26.23
Mumbai,30-12-2018,81.14,142.56,2.11,38.7
Mumbai,31-12-2018,81.34,160.67,2.57,27.19
Mumbai,01-01-2019,79.78,129.8,2.75,21.88
Mumbai,02-01-2019,80.41,146.33,3.14,26.7
Mumbai,03-01-2019,13.76,142.66,3.65,25.44
Mumbai,04-01-2019,84.61,139.85,3.5,23
Mumbai,05-01-2019,75.92,126.48,2.76,24.93
Mumbai,06-01-2019,81.14,19.19,2.76,21.49
Mumbai,07-01-2019,52.78,99.42,2.18,22.27
Mumbai,08-01-2019,57.44,111.8,2.75,32.25
Mumbai,09-01-2019,71.68,16.29,2.49,21.75
Mumbai,10-01-2019,84.32,120.77,3.1,18.86
Mumbai,11-01-2019,85.51,124.97,3.32,32.67
Mumbai,12-01-2019,76.86,12.22,2.76,34.55
Mumbai,13-01-2019,75.79,98.42,3.11,30.85
Mumbai,14-01-2019,66.32,81.5,2.37,25.59
Mumbai,15-01-2019,68.1,13.22,2.53,28.78
Mumbai,16-01-2019,69.37,110.55,2.56,27.31
Mumbai,17-01-2019,83.31,166.94,3.25,27.92
Mumbai,18-01-2019,84.99,122.63,2.99,26.39
Mumbai,19-01-2019,82.7,144.78,3.3,35.6
Mumbai,20-01-2019,93.45,16.1,3.34,35.52
Mumbai,21-01-2019,51,55.68,2.1,28.3
Mumbai,22-01-2019,34.26,71.55,1.94,22.76
Mumbai,23-01-2019,26.4,68.62,1.65,21.92
Mumbai,24-01-2019,53.38,93.7,1.78,18.37
Mumbai,25-01-2019,47.4,12.36,1.83,12.39
Mumbai,26-01-2019,38.28,112.93,1.84,12.89
Mumbai,27-01-2019,36.88,85.97,1.79,10.85
Mumbai,28-01-2019,46.1,16.51,2.29,12.57
Mumbai,29-01-2019,47.42,78.24,2.12,14.45
Mumbai,30-01-2019,51.55,0,2.83,17.46
Mumbai,31-01-2019,51.24,0,2.93,24.8
Mumbai,01-02-2019,48.4,0,2.3,17.87
Mumbai,02-02-2019,50.63,0,2.27,17.97
Mumbai,03-02-2019,73.37,0,3.21,22.13
Mumbai,04-02-2019,66.26,72.48,3.25,22.36
Mumbai,05-02-2019,65.62,57.93,2.73,19.76
Mumbai,06-02-2019,43.34,62.55,1.88,14.66
Mumbai,07-02-2019,18.67,60.36,1.59,12.31
Mumbai,08-02-2019,52.26,86.93,1.64,13.66
Mumbai,09-02-2019,72.35,118.31,2,20.72
Mumbai,10-02-2019,86.52,61.57,2.84,26.28
Mumbai,11-02-2019,11.67,73.67,3.17,25.97
Mumbai,12-02-2019,94.74,141.28,3.27,24.49
Mumbai,13-02-2019,78.47,18.37,2.6,21.96
Mumbai,14-02-2019,49.64,92.13,1.91,16.76
Mumbai,15-02-2019,47.74,74.8,1.86,15.42
Mumbai,16-02-2019,52.57,11.77,2.16,17.91
Mumbai,17-02-2019,59.84,95.79,2.37,19.85
Mumbai,18-02-2019,54.99,80.21,2.25,19.18
Mumbai,19-02-2019,49.87,84.8,2.19,18.32
Mumbai,20-02-2019,64.73,86.42,3,22.73
Mumbai,21-02-2019,35.61,53.1,1.67,17
Mumbai,22-02-2019,38.3,58.81,1.85,16.77
Mumbai,23-02-2019,58.39,86.39,2.51,21.28
Mumbai,24-02-2019,31.67,63.4,1.84,18.7
Mumbai,25-02-2019,35.64,80.36,1.97,15.66
Mumbai,26-02-2019,27.8,70.45,1.69,8.13
Mumbai,27-02-2019,22.69,72.77,1.72,7.67
Mumbai,28-02-2019,49.14,71.12,1.92,10
Mumbai,01-03-2019,41.12,128.94,2.35,17.55
Mumbai,02-03-2019,49.77,144.24,2.78,15.4
Mumbai,03-03-2019,15.85,48.15,1.64,7.53
Mumbai,04-03-2019,16.82,49.26,1.64,7.72
Mumbai,05-03-2019,22.15,35.35,1.54,6.83
Mumbai,06-03-2019,23.44,47.44,1.67,7.12
Mumbai,07-03-2019,25.23,56.67,1.75,7.22
Mumbai,08-03-2019,29.13,58.8,1.83,8.15
Mumbai,09-03-2019,36.24,74.58,2.14,10.39
Mumbai,10-03-2019,30.19,68.6,1.96,9.84
Mumbai,11-03-2019,23.72,49.92,1.67,7.23
Mumbai,12-03-2019,21.2,45.54,1.54,6.71
Mumbai,13-03-2019,23.36,47.41,1.58,7.4
Mumbai,14-03-2019,21.54,57.1,1.63,5.16
Mumbai,15-03-2019,28.2,61.43,1.73,4.28
Mumbai,16-03-2019,39.49,87.36,2.18,6
Mumbai,17-03-2019,37.52,67.14,1.93,4.4
Mumbai,18-03-2019,40.68,83.33,2.28,5.96
Mumbai,19-03-2019,35.58,17.47,2.34,7.17
Mumbai,20-03-2019,27.8,64.89,1.8,4.35
Mumbai,21-03-2019,19.81,43.63,1.58,3.2
Mumbai,22-03-2019,18.3,54.7,1.44,3.15
Mumbai,23-03-2019,31.96,57.4,1.44,3.86
Mumbai,24-03-2019,49.58,90.3,0,5.64
Mumbai,25-03-2019,55.4,120.57,1.71,4.78
Mumbai,26-03-2019,40.69,66.44,1.71,1.22
Mumbai,27-03-2019,34.51,36.82,1.6,24.1
Mumbai,28-03-2019,32.94,39.7,1.61,42.91
Mumbai,29-03-2019,29.55,25.73,1.5,28.83
Mumbai,30-03-2019,24.24,31.47,1.49,28.87
Mumbai,31-03-2019,18.43,32.73,1.46,28.27
Mumbai,01-04-2019,19.8,27.18,1.43,29.66
Mumbai,02-04-2019,22.9,39.82,1.7,22.45
Mumbai,03-04-2019,27.35,62.24,1.79,22.97
Mumbai,04-04-2019,16.91,52.88,1.72,22.44
Mumbai,05-04-2019,19.9,55.94,1.76,22.69
Mumbai,06-04-2019,17.84,64.19,1.78,22.87
Mumbai,07-04-2019,18.74,74.65,1.85,23.4
Mumbai,08-04-2019,16.1,66.69,1.78,23.21
Mumbai,09-04-2019,16.87,56.87,1.73,23.29
Mumbai,10-04-2019,14.22,58.16,1.77,23.47
Mumbai,11-04-2019,17.17,45.25,1.74,22.99
Mumbai,12-04-2019,22.32,65.9,1.83,23.7
Mumbai,13-04-2019,33.1,13.73,2.6,25.33
Mumbai,14-04-2019,22.7,78.67,1.91,23.82
Mumbai,15-04-2019,20.7,61.23,1.88,22.74
Mumbai,16-04-2019,27.28,59.96,1.85,19.95
Mumbai,17-04-2019,13.15,42.2,1.69,19.47
Mumbai,18-04-2019,21.44,71.36,1.82,20.13
Mumbai,19-04-2019,21.5,61.67,1.84,20.7
Mumbai,20-04-2019,22.27,84.15,1.92,20.16
Mumbai,21-04-2019,21.17,59.26,1.89,20.28
Mumbai,22-04-2019,20.98,65.82,1.86,22.6
Mumbai,23-04-2019,18.9,64.82,1.84,24.63
Mumbai,24-04-2019,16.24,41.4,1.77,23.62
Mumbai,25-04-2019,17.48,41.43,1.76,22.37
Mumbai,26-04-2019,17.19,47.4,1.79,20.85
Mumbai,27-04-2019,26.23,78.23,1.94,24.2
Mumbai,28-04-2019,23.77,57.84,1.88,23.41
Mumbai,29-04-2019,22.63,51.5,1.85,23.8
Mumbai,30-04-2019,21.86,50.47,1.84,24.52
Mumbai,01-05-2019,19.9,35.82,1.77,23.3
Mumbai,02-05-2019,21.65,36,1.76,22.6
Mumbai,03-05-2019,17.93,44.64,1.8,19.9
Mumbai,04-05-2019,16.54,44.2,1.8,19.29
Mumbai,05-05-2019,14.8,31.4,1.79,19.68
Mumbai,06-05-2019,15.73,43.5,1.8,19.8
Mumbai,07-05-2019,13.48,50.76,1.82,21.62
Mumbai,08-05-2019,12.89,32.94,1.76,24.67
Mumbai,09-05-2019,10.95,37.68,1.76,24.3
Mumbai,10-05-2019,12.8,34.78,1.75,24.35
Mumbai,11-05-2019,12.96,52.27,1.78,24.31
Mumbai,12-05-2019,14.62,55.62,1.81,24.16
Mumbai,13-05-2019,18.73,38.3,1.77,24.34
Mumbai,14-05-2019,15.43,51.52,1.67,22.41
Mumbai,15-05-2019,15.19,46.41,1.45,22.61
Mumbai,16-05-2019,16.1,39.38,1.43,19.58
Mumbai,17-05-2019,15.25,58.54,1.5,18.85
Mumbai,18-05-2019,16.14,74.73,1.62,24.56
Mumbai,19-05-2019,12.37,58.63,1.54,23.69
Mumbai,20-05-2019,12.4,48.37,1.65,17.63
Mumbai,21-05-2019,14.62,39.98,1.79,11.5
Mumbai,22-05-2019,11.8,32.21,1.75,10.84
Mumbai,23-05-2019,25.61,51.8,1.78,11.83
Mumbai,24-05-2019,16.84,45.39,1.69,10.96
Mumbai,25-05-2019,14.3,35.83,1.41,12.41
Mumbai,26-05-2019,17.7,38.49,1.36,15.93
Mumbai,27-05-2019,18.11,39.36,1.45,14.91
Mumbai,28-05-2019,16.57,40.36,1.76,11.23
Mumbai,29-05-2019,14.93,35.78,1.7,11.33
Mumbai,30-05-2019,12.88,36.62,1.39,11.2
Mumbai,31-05-2019,13.92,42.32,1.45,13.74
Mumbai,01-06-2019,12.38,46.54,1.58,16.5
Mumbai,02-06-2019,12.49,45.85,1.6,16.32
Mumbai,03-06-2019,16.91,38.15,1.29,13.11
Mumbai,04-06-2019,14.51,23.25,0.68,7.54
Mumbai,05-06-2019,16.41,18.98,0.63,9.8
Mumbai,06-06-2019,12.41,25.75,0.58,9.9
Mumbai,07-06-2019,12.86,35.29,0.5,10.37
Mumbai,08-06-2019,14.42,36.46,0.52,8.74
Mumbai,09-06-2019,16.3,38.53,0.55,9.59
Mumbai,10-06-2019,18.41,48.3,0.68,9.76
Mumbai,11-06-2019,18.13,50.27,0.7,9.34
Mumbai,12-06-2019,15.48,44.77,0.63,9.46
Mumbai,13-06-2019,13.64,36.51,0.53,8.57
Mumbai,14-06-2019,15.87,36.99,0.53,9.5
Mumbai,15-06-2019,13.97,37.27,0.51,10.38
Mumbai,16-06-2019,11.64,26.9,0.33,9.73
Mumbai,17-06-2019,12.33,26.2,0.44,10.37
Mumbai,18-06-2019,14.3,29.1,0.51,10.39
Mumbai,19-06-2019,14.45,34.57,0.53,10.8
Mumbai,20-06-2019,15.98,35.37,0.48,10.9
Mumbai,21-06-2019,16.49,35.38,0.46,11.22
Mumbai,22-06-2019,19.33,35.7,0.46,11.19
Mumbai,23-06-2019,18.81,33.94,0.43,11.77
Mumbai,24-06-2019,20.36,36.33,0.54,12.4
Mumbai,25-06-2019,17.72,44.24,0.52,11.48
Mumbai,26-06-2019,15.4,40.77,0.47,11.63
Mumbai,27-06-2019,10.52,43.92,0.51,10.94
Mumbai,28-06-2019,7.2,32.43,0.44,9.39
Mumbai,29-06-2019,10.31,34.84,0.49,9.21
Mumbai,30-06-2019,11.91,35.8,0.53,9.42
Mumbai,01-07-2019,8.73,38.51,0.55,11.8
Mumbai,02-07-2019,9.86,47.34,0.59,12.53
Mumbai,03-07-2019,13.44,54.8,0.62,13.27
Mumbai,04-07-2019,16.28,58.4,0.72,12.93
Mumbai,05-07-2019,13.97,44.87,0.57,12.61
Mumbai,06-07-2019,10.48,30.74,0.42,11.13
Mumbai,07-07-2019,17.65,29.25,0.42,11.35
Mumbai,08-07-2019,9.78,34.24,0.44,11.47
Mumbai,09-07-2019,10.49,28.55,0.41,10.75
Mumbai,10-07-2019,8.69,38.82,0.47,9.36
Mumbai,11-07-2019,11,37.52,0.41,7.28
Mumbai,12-07-2019,11.6,35.3,0.44,7.21
Mumbai,13-07-2019,11.6,36.87,0.44,7.38
Mumbai,14-07-2019,9.18,36.79,0.44,8
Mumbai,15-07-2019,10.76,32.65,0.43,8.18
Mumbai,16-07-2019,11.46,37.71,0.45,8.32
Mumbai,17-07-2019,14.55,37.14,0.49,8.6
Mumbai,18-07-2019,14.7,35.47,0.46,9.19
Mumbai,19-07-2019,18.79,42.14,0.51,10
Mumbai,20-07-2019,18.67,49.9,0.62,9.35
Mumbai,21-07-2019,22.6,52.83,0.71,9.54
Mumbai,22-07-2019,11.58,37.5,0.55,8.73
Mumbai,23-07-2019,7.33,37.59,0.4,8.17
Mumbai,24-07-2019,7.93,36.2,0.28,7.67
Mumbai,25-07-2019,14.23,39.55,0.31,8.2
Mumbai,26-07-2019,11.83,32.1,0.27,8.6
Mumbai,27-07-2019,11.84,26.48,0.43,7.62
Mumbai,28-07-2019,14.16,25.59,0.46,8.41
Mumbai,29-07-2019,12.93,27.6,0.51,8.57
Mumbai,30-07-2019,10.37,33.95,0.46,7.7
Mumbai,31-07-2019,9.25,30.2,0.46,7.75
Mumbai,01-08-2019,9.44,27.45,0.43,7.93
Mumbai,02-08-2019,7.97,27.33,0.4,8.6
Mumbai,03-08-2019,8.6,24.19,0.39,10.29
Mumbai,04-08-2019,10.3,23.5,0.4,10.12
Mumbai,05-08-2019,11.9,26.81,0.42,10.4
Mumbai,06-08-2019,10.6,31.87,0.44,9.83
Mumbai,07-08-2019,12.73,32.45,0.43,9.37
Mumbai,08-08-2019,18.67,32.84,0.44,9.46
Mumbai,09-08-2019,18.48,28.11,0.43,9.26
Mumbai,10-08-2019,18.71,23.54,0.41,9.13
Mumbai,11-08-2019,15.56,25.2,0.43,8.71
Mumbai,12-08-2019,12.73,28.39,0.45,7.44
Mumbai,13-08-2019,13.7,38.17,0.54,8.19
Mumbai,14-08-2019,15.6,39.97,0.57,8.64
Mumbai,15-08-2019,11.75,33.42,0.53,9.53
Mumbai,16-08-2019,11.89,31.39,0.52,9.55
Mumbai,17-08-2019,13.3,26.81,0.52,7.74
Mumbai,18-08-2019,11.37,29.22,0.55,7.38
Mumbai,19-08-2019,11.44,32.29,0.54,8.7
Mumbai,20-08-2019,13.78,35.44,0.51,8.9
Mumbai,21-08-2019,15.77,32.19,0.52,8.59
Mumbai,22-08-2019,12.96,32.56,0.55,9.1
Mumbai,23-08-2019,16.1,34.4,0.6,9.56
Mumbai,24-08-2019,18.56,27.72,0.58,9.6
Mumbai,25-08-2019,12.37,35.8,0.69,11.14
Mumbai,26-08-2019,14.76,34.95,0.64,12.3
Mumbai,27-08-2019,13.53,32.22,0.35,11.97
Mumbai,28-08-2019,12.75,28.73,0.46,11.47
Mumbai,29-08-2019,13.24,32.28,0.66,11.13
Mumbai,30-08-2019,11.17,37.62,0.67,10.95
Mumbai,31-08-2019,11.53,34.6,0.63,11.18
Mumbai,01-09-2019,9.75,35.69,0.65,11.2
Mumbai,02-09-2019,12.12,32.13,0.71,10.89
Mumbai,03-09-2019,6.72,33.25,0.64,10.98
Mumbai,04-09-2019,7.68,28.84,0.62,11.23
Mumbai,05-09-2019,5.68,24.8,0.6,11.37
Mumbai,06-09-2019,7.6,23.5,0.57,10.93
Mumbai,07-09-2019,10.71,24.75,0.62,11.8
Mumbai,08-09-2019,8.69,26.66,0.67,11.81
Mumbai,09-09-2019,12.7,26.77,0.57,12.2
Mumbai,10-09-2019,13.89,22.61,0.39,11.8
Mumbai,11-09-2019,14.62,33.46,0.52,12.2
Mumbai,12-09-2019,10.93,23.65,0.44,11.38
Mumbai,13-09-2019,12.93,38.8,0.54,12
Mumbai,14-09-2019,13.24,29.52,0.46,11.58
Mumbai,15-09-2019,10.85,35.25,0.62,11.31
Mumbai,16-09-2019,11.95,44.35,0.57,12.4
Mumbai,17-09-2019,16.24,44.44,0.59,11.46
Mumbai,18-09-2019,17.95,52.32,0.8,12.6
Mumbai,19-09-2019,21.73,46.79,0.83,11.61
Mumbai,20-09-2019,14.94,39.84,0.75,10.98
Mumbai,21-09-2019,12.9,37.44,0.47,8.75
Mumbai,22-09-2019,15.9,31.9,0.45,6.85
Mumbai,23-09-2019,18.6,33.8,0.55,7.6
Mumbai,24-09-2019,15.4,32.84,0.57,7.4
Mumbai,25-09-2019,16.9,42,0.67,7.63
Mumbai,26-09-2019,17.28,41.89,0.67,7.97
Mumbai,27-09-2019,8.39,27.95,0.39,7.44
Mumbai,28-09-2019,8.32,28.84,0.28,7.82
Mumbai,29-09-2019,9.62,27.5,0.28,8.2
Mumbai,30-09-2019,8.33,31.46,0.32,8.42
Mumbai,01-10-2019,10.46,33.31,0.35,8.4
Mumbai,02-10-2019,16.15,39.43,0.47,8.57
Mumbai,03-10-2019,17.62,40.88,0.66,8.76
Mumbai,04-10-2019,24.77,42.97,0.71,9.19
Mumbai,05-10-2019,32.11,52.77,1.19,9.91
Mumbai,06-10-2019,35.13,53.84,0.83,11.47
Mumbai,07-10-2019,45.48,42.85,0.84,10.13
Mumbai,08-10-2019,54.8,36.78,1.45,10.18
Mumbai,09-10-2019,21.6,45.9,1.2,10.8
Mumbai,10-10-2019,39.3,55.32,0.89,11.46
Mumbai,11-10-2019,39.11,51.5,1.12,11.26
Mumbai,12-10-2019,49.37,56.41,0.83,12.9
Mumbai,13-10-2019,42.92,50.59,1.54,12.81
Mumbai,14-10-2019,55.33,53.9,0.98,13.2
Mumbai,15-10-2019,50.61,55.3,1.15,14.5
Mumbai,16-10-2019,49.19,57.99,1.24,14.7
Mumbai,17-10-2019,56.89,52.69,1.22,13.74
Mumbai,18-10-2019,62.55,67,1.19,13.29
Mumbai,19-10-2019,28.56,59.86,1.8,11.67
Mumbai,20-10-2019,15.9,46.26,1.19,11.6
Mumbai,21-10-2019,17.75,39.17,1.3,10.82
Mumbai,22-10-2019,17.92,40.4,1.4,10.54
Mumbai,23-10-2019,17.85,55.43,0.89,11.87
Mumbai,24-10-2019,30.71,63.53,1.4,12.45
Mumbai,25-10-2019,20.4,47.77,0.93,10.47
Mumbai,26-10-2019,25.58,54.15,0.91,9.45
Mumbai,27-10-2019,39.9,52.34,0.93,9.28
Mumbai,28-10-2019,53.5,40.97,0.68,9.61
Mumbai,29-10-2019,56.28,46.88,0.67,13.83
Mumbai,30-10-2019,40.81,44.63,0.83,13.26
Mumbai,31-10-2019,25.37,49.77,0.8,14.56
Mumbai,01-11-2019,16.55,44.17,0.65,14.62
Mumbai,02-11-2019,11.99,41.17,0.64,14.22
Mumbai,03-11-2019,20.9,48.84,0.72,15.36
Mumbai,04-11-2019,28.41,47.57,0.84,13.21
Mumbai,05-11-2019,36.96,42.93,0.85,15.39
Mumbai,06-11-2019,52.87,62.77,1.1,12.45
Mumbai,07-11-2019,19.26,30.5,0.61,9.31
Mumbai,08-11-2019,12.19,35.9,0.61,8.53
Mumbai,09-11-2019,27.12,50.12,0.8,8.97
Mumbai,10-11-2019,49.51,56.49,1.2,9.21
Mumbai,11-11-2019,57.72,57.85,1.12,10.26
Mumbai,12-11-2019,69.7,65.85,1.21,12.41
Mumbai,13-11-2019,64.9,66.57,1.3,9.55
Mumbai,14-11-2019,62.54,62.96,0.79,11.34
Mumbai,15-11-2019,69.75,65.5,0.88,10.86
Mumbai,16-11-2019,77.5,58.64,0.86,15.39
Mumbai,17-11-2019,70.89,51.35,0.93,21.1
Mumbai,18-11-2019,72.13,51.78,0.89,14.91
Mumbai,19-11-2019,90.92,75.78,1.17,10.58
Mumbai,20-11-2019,91.86,80.72,1.22,10.92
Mumbai,21-11-2019,92.37,73.7,1.16,11.59
Mumbai,22-11-2019,87.3,70.8,1.7,17.75
Mumbai,23-11-2019,82.21,67.69,1.8,16.27
Mumbai,24-11-2019,82.78,58.43,0.98,15.66
Mumbai,25-11-2019,89.6,65.55,1.6,13.78
Mumbai,26-11-2019,83.45,75.75,1.7,17.3
Mumbai,27-11-2019,73.81,73.44,0.94,16.55
Mumbai,28-11-2019,71.95,73.14,1.1,17.73
Mumbai,29-11-2019,81.38,75.1,1.21,16.65
Mumbai,30-11-2019,87.36,65.12,1.5,17.5
Mumbai,01-12-2019,94.89,75.49,1.27,16.74
Mumbai,02-12-2019,64.67,53.64,1.2,14.84
Mumbai,03-12-2019,39.87,58.85,0.93,14.4
Mumbai,04-12-2019,49.87,56.18,0.89,10.19
Mumbai,05-12-2019,65.29,59.59,1.1,9.91
Mumbai,06-12-2019,83.28,57.7,1,11.19
Mumbai,07-12-2019,70.54,63.2,0.96,10.58
Mumbai,08-12-2019,88.13,58.8,1.5,11.77
Mumbai,09-12-2019,82.73,60.95,1.14,12.12
Mumbai,10-12-2019,82.73,68.58,1.22,13.51
Mumbai,11-12-2019,95.77,71.52,1.29,14.82
Mumbai,12-12-2019,95.21,79.89,1.32,16.4
Mumbai,13-12-2019,72.43,57.49,1.2,14.48
Mumbai,14-12-2019,50.6,60.45,0.99,12.67
Mumbai,15-12-2019,69.63,65.19,1.15,12.47
Mumbai,16-12-2019,89.46,67.28,1.34,13.46
Mumbai,17-12-2019,80.42,66.23,1.18,10.74
Mumbai,18-12-2019,73.92,59.3,0.92,10.17
Mumbai,19-12-2019,75.17,64.3,0.98,9.88
Mumbai,20-12-2019,94.27,79.62,1.14,10.1
Mumbai,21-12-2019,94.4,88.32,1.25,10.79
Mumbai,22-12-2019,94.72,72.93,1.21,11.57
Mumbai,23-12-2019,94.33,72.19,1.18,13.41
Mumbai,24-12-2019,122.89,77.7,1.28,11.52
Mumbai,25-12-2019,134.32,69.58,1.26,10.77
Mumbai,26-12-2019,87.5,58.34,0.98,10.49
Mumbai,27-12-2019,88.3,70.12,1.2,10.27
Mumbai,28-12-2019,75.77,63.78,0.98,8.75
Mumbai,29-12-2019,75.81,62.91,0.98,9.36
Mumbai,30-12-2019,86.42,62.84,1.3,9.28
Mumbai,31-12-2019,65.76,54.33,0.82,10.47
Mumbai,01-01-2020,14.6,85.81,1.22,10.98
Mumbai,02-01-2020,17.87,55.87,1.2,8.3
Mumbai,03-01-2020,93.64,59.18,0.97,7.94
Mumbai,04-01-2020,94.5,53.59,0.96,6.66
Mumbai,05-01-2020,91.4,67.61,1.1,7.9
Mumbai,06-01-2020,70.2,63.21,1.1,8.68
Mumbai,07-01-2020,87.2,85.98,1.29,9.46
Mumbai,08-01-2020,64.97,50.91,0.89,7.73
Mumbai,09-01-2020,59.98,54.9,0.85,8.96
Mumbai,10-01-2020,65.6,65.51,0.93,10.4
Mumbai,11-01-2020,76.71,72.78,1.8,10.12
Mumbai,12-01-2020,98.12,92.98,1.47,10.84
Mumbai,13-01-2020,68.39,47.2,0.84,6.73
Mumbai,14-01-2020,36.33,46.51,0.7,6.28
Mumbai,15-01-2020,30.53,49.11,0.65,6.32
Mumbai,16-01-2020,34.16,47.2,0.66,5.95
Mumbai,17-01-2020,51,62.5,0.68,6.3
Mumbai,18-01-2020,87.28,77.28,0.98,7.63
Mumbai,19-01-2020,96.1,93.9,1.12,8.28
Mumbai,20-01-2020,89.26,93.54,1.3,10.52
Mumbai,21-01-2020,96.99,14.64,1.58,10.32
Mumbai,22-01-2020,78.69,110.22,1.49,11.8
Mumbai,23-01-2020,87.78,84.15,1.24,11.77
Mumbai,24-01-2020,73.57,76.32,1.17,11.7
Mumbai,25-01-2020,91.57,85.32,1.32,14.1
Mumbai,26-01-2020,13.35,88.43,1.4,13.46
Mumbai,27-01-2020,57.22,50.18,0.76,10.5
Mumbai,28-01-2020,25.47,45.51,0.64,8.1
Mumbai,29-01-2020,19.77,34.71,0.56,4.22
Mumbai,30-01-2020,52.66,62.6,0.84,8.11
Mumbai,31-01-2020,65.97,70.91,1.3,8.65
Mumbai,01-02-2020,72.14,75.13,1.12,7.48
Mumbai,02-02-2020,80.79,81.8,1.31,8.75
Mumbai,03-02-2020,83.47,67.27,1.28,6.21
Mumbai,04-02-2020,77.73,55.74,0.77,7.25
Mumbai,05-02-2020,60.91,82.28,0.96,9.38
Mumbai,06-02-2020,47.67,51.75,0.87,7.87
Mumbai,07-02-2020,49.35,68.25,0.9,9.22
Mumbai,08-02-2020,68.47,61.71,1,7.72
Mumbai,09-02-2020,68.29,44.17,1.3,9.26
Mumbai,10-02-2020,56.58,51.98,0.93,8.38
Mumbai,11-02-2020,60.95,62.47,1.5,8.71
Mumbai,12-02-2020,60.53,76.66,1.1,8.9
Mumbai,13-02-2020,67.91,94.87,1.11,8.5
Mumbai,14-02-2020,58.14,82.4,0.87,9.1
Mumbai,15-02-2020,53.27,82.97,0.88,9.59
Mumbai,16-02-2020,68.93,73.92,0.95,10.41
Mumbai,17-02-2020,12.48,95.3,1.3,9.46
Mumbai,18-02-2020,88.15,11.97,1.25,12.9
Mumbai,19-02-2020,92.5,110.76,1.32,14.81
Mumbai,20-02-2020,62.8,84.24,1,10.38
Mumbai,21-02-2020,39.37,62.63,0.75,9.11
Mumbai,22-02-2020,65.93,80.8,0.97,12.37
Mumbai,23-02-2020,77.63,95.9,1.19,13.28
Mumbai,24-02-2020,84.7,92.3,1.22,12.73
Mumbai,25-02-2020,48.1,86.91,0.95,11.32
Mumbai,26-02-2020,41.3,67.68,0.75,14.57
Mumbai,27-02-2020,51.74,85.28,0.92,15.46
Mumbai,28-02-2020,77.61,132.6,1.37,16.66
Mumbai,29-02-2020,74.98,120.1,1.24,16.8
Mumbai,01-03-2020,43.39,55.78,0.65,13.19
Mumbai,02-03-2020,52.18,77.28,0.77,16.93
Mumbai,03-03-2020,43.68,46.47,0.46,17.25
Mumbai,04-03-2020,36.73,48.46,0.52,15.98
Mumbai,05-03-2020,32.59,43.7,0.53,17.87
Mumbai,06-03-2020,20.15,40.1,0.43,17.17
Mumbai,07-03-2020,24.45,38.51,0.48,9.15
Mumbai,08-03-2020,27,52.7,0.57,9.73
Mumbai,09-03-2020,35.3,48.52,0.67,9.61
Mumbai,10-03-2020,40.47,39.93,0.77,12.7
Mumbai,11-03-2020,16.4,32.6,0.43,11.7
Mumbai,12-03-2020,18.59,42.67,0.49,10.72
Mumbai,13-03-2020,23.81,42.95,0.5,7.84
Mumbai,14-03-2020,30.33,46.5,0.58,7.96
Mumbai,15-03-2020,49.84,84.12,1.1,12.24
Mumbai,16-03-2020,57.99,95.94,1.24,14.86
Mumbai,17-03-2020,78.54,125.6,1.66,15.1
Mumbai,18-03-2020,52.3,89.72,1.2,11.79
Mumbai,19-03-2020,30.33,49.39,0.6,7.97
Mumbai,20-03-2020,21.8,45.69,0.5,6.6
Mumbai,21-03-2020,20.14,38.19,0.47,11
Mumbai,22-03-2020,16.75,20.96,0.36,12.8
Mumbai,23-03-2020,23.48,20.27,0.42,12.2
Mumbai,24-03-2020,35.58,22.74,0.52,8.75
Mumbai,25-03-2020,30.86,21.67,0.5,8.32
Mumbai,26-03-2020,27.82,21.6,0.43,10.16
Mumbai,27-03-2020,24.81,16.85,0.4,7.19
Mumbai,28-03-2020,28.14,19.7,0.48,7.55
Mumbai,29-03-2020,23.43,16.35,0.42,7.27
Mumbai,30-03-2020,23.57,17.25,0.43,6.86
Mumbai,31-03-2020,25.36,18.14,0.46,7.26
Mumbai,01-04-2020,20.8,17.3,0.4,6.55
Mumbai,02-04-2020,26.27,16.94,0.43,6.84
Mumbai,03-04-2020,24.33,15.5,0.39,6.49
Mumbai,04-04-2020,24.7,16.89,0.42,6.47
Mumbai,05-04-2020,27.36,18.47,0.44,6.67
Mumbai,06-04-2020,20.82,16.46,0.36,7.6
Mumbai,07-04-2020,24.1,18.28,0.36,7.6
Mumbai,08-04-2020,29.52,20.6,0.37,6.95
Mumbai,09-04-2020,28.3,20.89,0.38,8.89
Mumbai,10-04-2020,25.89,19.36,0.37,8.49
Mumbai,11-04-2020,29.54,19.82,0.44,7.97
Mumbai,12-04-2020,28.26,21.29,0.45,7.79
Mumbai,13-04-2020,25.58,22.44,0.44,7.39
Mumbai,14-04-2020,26.89,23.66,0.53,7.61
Mumbai,15-04-2020,26.61,23.66,0.72,7.78
Mumbai,16-04-2020,20.55,21.6,0.59,6.73
Mumbai,17-04-2020,20.54,22.75,0.64,6.36
Mumbai,18-04-2020,18.48,21.9,0.63,6.34
Mumbai,19-04-2020,19.99,21.7,0.65,6.79
Mumbai,20-04-2020,25.7,23.34,0.7,7.88
Mumbai,21-04-2020,18.64,21.67,0.57,7.59
Mumbai,22-04-2020,18.3,22.57,0.41,8.4
Mumbai,23-04-2020,19.8,24.9,0.4,10.28
Mumbai,24-04-2020,20.82,22.62,0.38,11.57
Mumbai,25-04-2020,16.78,20.87,0.32,12.46
Mumbai,26-04-2020,19.5,24.82,0.36,14.12
Mumbai,27-04-2020,17.23,20.66,0.34,14.37
Mumbai,28-04-2020,19.82,20.73,0.35,13.98
Mumbai,29-04-2020,21.1,28.3,0.36,14.49
Mumbai,30-04-2020,20.8,21.92,0.33,15.2
Mumbai,01-05-2020,15.53,19.46,0.31,14.47
Mumbai,02-05-2020,13.15,24.58,0.28,12.43
Mumbai,03-05-2020,12.2,19.74,0.27,12.4
Mumbai,04-05-2020,11.51,23.67,0.28,11.52
Mumbai,05-05-2020,11.2,28.82,0.29,10.62
Mumbai,06-05-2020,12.9,26.12,0.3,12.95
Mumbai,07-05-2020,14.3,25.71,0.35,20.98
Mumbai,08-05-2020,15.26,22.25,0.38,29.68
Mumbai,09-05-2020,14.21,18.7,0.3,32.49
Mumbai,10-05-2020,13.8,27.4,0.3,32.18
Mumbai,11-05-2020,16.85,32.83,0.36,28.8
Mumbai,12-05-2020,13.72,35.71,0.34,37.37
Mumbai,13-05-2020,14.67,27.59,0.28,29.5
Mumbai,14-05-2020,15.23,29.15,0.29,21.85
Mumbai,15-05-2020,17.67,28.12,0.31,26.61
Mumbai,16-05-2020,30.44,37.14,0.31,14.56
Mumbai,17-05-2020,29.74,23.7,0.28,13.73
Mumbai,18-05-2020,21.3,22.49,0.26,15.6
Mumbai,19-05-2020,15.36,28.68,0.28,14.24
Mumbai,20-05-2020,14.14,31.18,0.28,14.7
Mumbai,21-05-2020,16.44,26.23,0.27,12.22
Mumbai,22-05-2020,14.78,24.26,0.26,12.6
Mumbai,23-05-2020,15.18,27.1,0.29,10.33
Mumbai,24-05-2020,12.33,24.5,0.25,9.66
Mumbai,25-05-2020,11.81,21.39,0.25,8.85
Mumbai,26-05-2020,12.64,23.68,0.24,8.57
Mumbai,27-05-2020,11.7,25.38,0.21,6.44
Mumbai,28-05-2020,12.21,22.69,0.22,6.76
Mumbai,29-05-2020,7.33,21.64,0.26,7.58
Mumbai,30-05-2020,10.8,22.16,0.27,6.93
Mumbai,31-05-2020,8.99,19.4,0.31,6.9
Mumbai,01-06-2020,17.27,28.31,0.33,7.68
Mumbai,02-06-2020,21.94,30.17,0.43,7.71
Mumbai,03-06-2020,8.38,23.44,0.28,7.7
Mumbai,04-06-2020,20.53,29.74,0.34,10.3
Mumbai,05-06-2020,11.26,33.24,0.31,11.64
Mumbai,06-06-2020,9.38,27.32,0.28,11.76
Mumbai,07-06-2020,10.85,28.76,0.31,10.8
Mumbai,08-06-2020,8.92,27.72,0.33,11.19
Mumbai,09-06-2020,8.93,26.88,0.33,11.95
Mumbai,10-06-2020,10.43,27.17,0.33,12.71
Mumbai,11-06-2020,9,26.64,0.32,12.79
Mumbai,12-06-2020,10.46,31.51,0.38,13.66
Mumbai,13-06-2020,10.36,34.3,0.39,13.49
Mumbai,14-06-2020,9.87,31.24,0.38,10.2
Mumbai,15-06-2020,10.58,31.75,0.4,11.14
Mumbai,16-06-2020,9.59,30.5,0.44,11.24
Mumbai,17-06-2020,6.62,29.79,0.41,11.22
Mumbai,18-06-2020,7.46,36.41,0.43,10.89
Mumbai,19-06-2020,14.69,32.26,0.42,10.96
Mumbai,20-06-2020,11.97,23.3,0.34,10.72
Mumbai,21-06-2020,9.27,21.69,0.32,11.43
Mumbai,22-06-2020,12.61,26.17,0.39,8.82
Mumbai,23-06-2020,9.56,32.78,0.38,5.1
Mumbai,24-06-2020,8.73,34,0.4,4.77
Mumbai,25-06-2020,11.84,32.92,0.4,5.19
Mumbai,26-06-2020,13.82,33.63,0.42,7.66
Mumbai,27-06-2020,18.4,36.7,0.43,10.36
Mumbai,28-06-2020,12.33,34.78,0.38,10.58
Mumbai,29-06-2020,7.88,34.42,0.38,11.11
Mumbai,30-06-2020,4.66,33.25,0.36,13.4
Mumbai,01-07-2020,3.84,33.21,0.37,13.18
Mumbai,02-07-2020,11,1,48,12
Mumbai,03-07-2020,7,1,50,12
Mumbai,04-07-2020,8,2,48,12
Mumbai,05-07-2020,13,1,47,11
Mumbai,06-07-2020,17,1,47,12
Mumbai,07-07-2020,13,1,48,12
Mumbai,08-07-2020,13,1,47,12
Mumbai,09-07-2020,14,1,49,12
Mumbai,10-07-2020,14,1,47,12
Mumbai,11-07-2020,14,1,48,11
Mumbai,12-07-2020,12,1,55,11
Mumbai,13-07-2020,11,1,55,12
Mumbai,14-07-2020,12,1,57,12
Mumbai,15-07-2020,10,1,52,12
Mumbai,16-07-2020,8,1,58,12
Mumbai,17-07-2020,13,1,62,11
Mumbai,18-07-2020,15,2,52,12
Mumbai,19-07-2020,15,2,49,12
Mumbai,20-07-2020,13,2,50,12
Mumbai,21-07-2020,16,2,54,12
Mumbai,22-07-2020,14,2,54,12
Mumbai,23-07-2020,12,2,56,12
Mumbai,24-07-2020,15,2,61,11
Mumbai,25-07-2020,0,0,0,0
Mumbai,26-07-2020,0,0,0,0
Mumbai,27-07-2020,0,0,0,0
Mumbai,28-07-2020,0,0,0,0
Mumbai,29-07-2020,0,0,0,0
Mumbai,30-07-2020,0,0,0,0
Mumbai,31-07-2020,0,0,0,0
Mumbai,01-08-2020,0,0,0,0
Mumbai,02-08-2020,0,0,0,0
Mumbai,03-08-2020,0,0,0,0
Mumbai,04-08-2020,0,0,0,0
Mumbai,05-08-2020,0,0,0,0
Mumbai,06-08-2020,11,2,54,20
Mumbai,07-08-2020,14,2,55,20
Mumbai,08-08-2020,13,2,54,20
Mumbai,09-08-2020,15,2,53,20
Mumbai,10-08-2020,15,1,55,20
Mumbai,11-08-2020,13,2,55,20
Mumbai,12-08-2020,0,0,0,0
Mumbai,13-08-2020,0,0,0,0
Mumbai,14-08-2020,0,0,0,0
Mumbai,15-08-2020,0,0,0,0
Mumbai,16-08-2020,0,0,0,0
Mumbai,17-08-2020,0,0,0,0
Mumbai,18-08-2020,0,0,56,12
Mumbai,19-08-2020,10,0,0,0
Mumbai,20-08-2020,10,0,59,12
Mumbai,21-08-2020,10,2,54,19
Mumbai,22-08-2020,12,2,54,19
Mumbai,23-08-2020,11,2,54,18
Mumbai,24-08-2020,13,2,55,18
Mumbai,25-08-2020,12,2,56,18
Mumbai,26-08-2020,12,2,55,19
Mumbai,27-08-2020,9,2,55,19
Mumbai,28-08-2020,9,2,57,18
Mumbai,29-08-2020,10,2,58,18
Mumbai,30-08-2020,10,2,55,19
Mumbai,31-08-2020,11,2,56,18
Mumbai,01-09-2020,17,2,63,19
Mumbai,02-09-2020,24,2,65,20
Mumbai,03-09-2020,19,2,60,19
Mumbai,04-09-2020,32,2,65,27
Mumbai,05-09-2020,35,2,67,21
Mumbai,06-09-2020,56,2,69,21
Mumbai,07-09-2020,16,2,59,20
Mumbai,08-09-2020,20,2,59,19
Mumbai,09-09-2020,21,2,64,20
Mumbai,10-09-2020,20,2,60,20
Mumbai,11-09-2020,31,2,73,20
Mumbai,12-09-2020,17,2,71,20
Mumbai,13-09-2020,11,2,58,20
Mumbai,14-09-2020,16,2,68,20
Mumbai,15-09-2020,14,2,62,21
Mumbai,16-09-2020,14,2,70,12
Mumbai,17-09-2020,15,2,80,12
Mumbai,18-09-2020,16,2,60,12
Mumbai,19-09-2020,19,2,83,12
Mumbai,20-09-2020,21,2,72,12
Mumbai,21-09-2020,23,2,84,12
Mumbai,22-09-2020,27,2,88,12
Mumbai,23-09-2020,16,2,63,12
Mumbai,24-09-2020,12,2,67,12
Mumbai,25-09-2020,90,2,111,12
Mumbai,26-09-2020,21,2,72,12
Mumbai,27-09-2020,17,2,64,12
Mumbai,28-09-2020,25,2,74,12
Mumbai,29-09-2020,29,2,80,12
Mumbai,30-09-2020,18,2,64,12
Mumbai,01-10-2020,24,2,66,12
Mumbai,02-10-2020,25,2,68,12
Mumbai,03-10-2020,37,2,69,12
Mumbai,04-10-2020,0,0,0,0
Mumbai,05-10-2020,0,0,0,0
Mumbai,06-10-2020,33,2,15,0
Mumbai,07-10-2020,43,1,11,12
Mumbai,08-10-2020,73,3,18,0
Mumbai,09-10-2020,61,3,17,0
Mumbai,10-10-2020,73,2,22,3
Mumbai,11-10-2020,135,4,26,3
Mumbai,12-10-2020,44,1,15,4
Mumbai,13-10-2020,72,1,21,3
Mumbai,14-10-2020,77,2,22,3
Mumbai,15-10-2020,65,0,32,3
Mumbai,16-10-2020,32,4,26,4
Mumbai,17-10-2020,31,3,22,3
Mumbai,18-10-2020,43,3,19,3
Mumbai,19-10-2020,44,1,15,4
Mumbai,20-10-2020,50,1,14,3
Mumbai,21-10-2020,50,2,16,3
Mumbai,22-10-2020,44,2,21,3
Mumbai,23-10-2020,0,2,17,3
Mumbai,24-10-2020,69,2,17,3
Mumbai,25-10-2020,102,2,19,3
Mumbai,26-10-2020,97,2,18,3
Mumbai,27-10-2020,66,3,14,3
Mumbai,28-10-2020,0,2,15,3
Mumbai,29-10-2020,56,2,16,3
Mumbai,30-10-2020,0,2,18,3
Mumbai,31-10-2020,55,2,15,3
Mumbai,01-11-2020,0,4,22,3
Mumbai,02-11-2020,0,2,16,3
Mumbai,03-11-2020,0,3,28,0
Mumbai,04-11-2020,173,2,22,3
Mumbai,05-11-2020,0,2,21,0
Mumbai,06-11-2020,0,2,16,0
Mumbai,07-11-2020,0,2,15,0
Mumbai,08-11-2020,0,2,18,0
Mumbai,09-11-2020,0,2,16,0
Mumbai,10-11-2020,0,2,16,0
Mumbai,11-11-2020,165,2,19,4
Mumbai,12-11-2020,187,3,24,4
Mumbai,13-11-2020,142,3,20,4
Mumbai,14-11-2020,0,2,17,0
Mumbai,15-11-2020,58,2,18,3
Mumbai,16-11-2020,0,3,23,0
Mumbai,17-11-2020,0,3,24,0
Mumbai,18-11-2020,0,3,25,0
Mumbai,19-11-2020,0,3,26,0
Mumbai,20-11-2020,158,4,27,4
Mumbai,21-11-2020,120,3,24,4
Mumbai,22-11-2020,0,4,25,0
Mumbai,23-11-2020,138,3,20,4
Mumbai,24-11-2020,52,3,20,4
Mumbai,25-11-2020,137,3,22,4
Mumbai,26-11-2020,0,4,28,0
Mumbai,27-11-2020,220,4,29,5
Mumbai,28-11-2020,148,3,20,31
Mumbai,29-11-2020,0,0,0,0
Mumbai,30-11-2020,0,0,0,0
Mumbai,01-12-2020,0,0,83,11
Mumbai,02-12-2020,11,1,85,20
Mumbai,03-12-2020,11,1,85,20
Mumbai,04-12-2020,11,1,90,19
Mumbai,05-12-2020,0,1,96,20
Mumbai,06-12-2020,19,1,85,19
Mumbai,07-12-2020,21,1,91,19
Mumbai,08-12-2020,19,1,93,20
Mumbai,09-12-2020,16,1,97,20
Mumbai,10-12-2020,40,1,83,20
Mumbai,11-12-2020,0,1,79,21
Mumbai,12-12-2020,41,0,76,21
Mumbai,13-12-2020,0,0,77,21
Mumbai,14-12-2020,0,0,78,21
Mumbai,15-12-2020,0,0,79,20
Mumbai,16-12-2020,0,1,82,21
Mumbai,17-12-2020,0,0,89,0
Mumbai,18-12-2020,26,1,92,21
Mumbai,19-12-2020,18,1,93,21
Mumbai,20-12-2020,20,1,86,20
Mumbai,21-12-2020,20,1,87,20
Mumbai,22-12-2020,32,1,92,19
Mumbai,23-12-2020,16,1,100,20
Mumbai,24-12-2020,0,0,91,11
Mumbai,25-12-2020,18,1,101,19
Mumbai,26-12-2020,21,1,101,19
Mumbai,27-12-2020,77,1,95,18
Mumbai,28-12-2020,61,1,83,18
Mumbai,29-12-2020,67,1,92,18
Mumbai,30-12-2020,69,1,97,19
Mumbai,31-12-2020,69,1,102,20
Mumbai,01-01-2021,69,1,102,20
Mumbai,02-01-2021,69,1,92,20
Mumbai,03-01-2021,69,1,94,20
Mumbai,04-01-2021,67,1,94,19
Mumbai,05-01-2021,69,1,90,19
Mumbai,06-01-2021,69,1,94,19
Mumbai,07-01-2021,60,1,98,19
Mumbai,08-01-2021,70,1,101,19
Mumbai,09-01-2021,48,1,96,20
Mumbai,10-01-2021,50,1,100,19
Mumbai,11-01-2021,50,1,101,19
Mumbai,12-01-2021,50,1,102,19
Mumbai,13-01-2021,50,1,100,20
Mumbai,14-01-2021,50,1,99,20
Mumbai,15-01-2021,68,1,87,19
Mumbai,16-01-2021,64,1,98,18
Mumbai,17-01-2021,68,1,101,19
Mumbai,18-01-2021,65,1,91,19
Mumbai,19-01-2021,67,1,101,19
Mumbai,20-01-2021,67,1,105,19
Mumbai,21-01-2021,67,1,97,18
Mumbai,22-01-2021,67,1,102,18
Mumbai,23-01-2021,68,1,101,18
Mumbai,24-01-2021,50,1,101,18
Mumbai,25-01-2021,66,1,102,18
Mumbai,26-01-2021,68,1,101,18
Mumbai,27-01-2021,66,1,104,18
Mumbai,28-01-2021,0,0,0,0
Mumbai,29-01-2021,0,0,104,11
Mumbai,30-01-2021,65,1,106,18
Mumbai,31-01-2021,68,1,110,18
Mumbai,01-02-2021,64,1,106,18
Mumbai,02-02-2021,64,1,104,18
Mumbai,03-02-2021,66,1,108,18
Mumbai,04-02-2021,70,1,106,18
Mumbai,05-02-2021,69,1,100,18
Mumbai,06-02-2021,69,1,103,17
Mumbai,07-02-2021,66,1,99,17
Mumbai,08-02-2021,65,1,103,16
Mumbai,09-02-2021,68,1,104,17
Mumbai,10-02-2021,67,1,113,18
Mumbai,11-02-2021,72,1,113,18
Mumbai,12-02-2021,0,0,0,0
Mumbai,13-02-2021,0,0,0,0
Mumbai,14-02-2021,0,0,0,0
Mumbai,15-02-2021,0,0,0,0
Mumbai,16-02-2021,0,0,0,0
Mumbai,17-02-2021,0,0,0,0
Mumbai,18-02-2021,0,0,0,0
Mumbai,19-02-2021,0,0,0,0
Mumbai,20-02-2021,0,0,0,0
Mumbai,21-02-2021,0,0,0,0
Mumbai,22-02-2021,0,0,0,0
Mumbai,23-02-2021,0,0,0,0
Mumbai,24-02-2021,0,0,0,0
Mumbai,25-02-2021,0,0,0,0
Mumbai,26-02-2021,0,0,70,16
Mumbai,27-02-2021,105,10,80,26
Mumbai,28-02-2021,0,8,103,25
Mumbai,01-03-2021,125,28,59,24
Mumbai,02-03-2021,148,16,53,49
Mumbai,03-03-2021,91,8,67,31
Mumbai,04-03-2021,181,8,65,55
Mumbai,05-03-2021,141,23,66,29
Mumbai,06-03-2021,108,16,46,46
Mumbai,07-03-2021,75,17,38,26
Mumbai,08-03-2021,65,26,43,44
Mumbai,09-03-2021,65,15,31,25
Mumbai,10-03-2021,110,20,44,45
Mumbai,11-03-2021,84,25,26,23
Mumbai,12-03-2021,43,13,22,18
Mumbai,13-03-2021,116,16,35,27
Mumbai,14-03-2021,131,15,33,35
Mumbai,15-03-2021,136,19,37,34
Mumbai,16-03-2021,139,28,30,28
Mumbai,17-03-2021,120,27,34,54
Mumbai,18-03-2021,108,15,30,23
Mumbai,19-03-2021,80,17,47,10
Mumbai,20-03-2021,83,23,28,14
Mumbai,21-03-2021,0,23,24,21
Mumbai,22-03-2021,0,21,34,47
Mumbai,23-03-2021,96,26,33,34
Mumbai,24-03-2021,146,28,36,190
Mumbai,25-03-2021,150,29,38,23
Mumbai,26-03-2021,101,31,66,33
Mumbai,27-03-2021,165,36,80,42
Mumbai,28-03-2021,151,32,67,58
Mumbai,29-03-2021,127,16,57,29
Mumbai,30-03-2021,27,15,35,31
Mumbai,31-03-2021,29,21,23,27
Mumbai,01-04-2021,28,20,23,19
Mumbai,02-04-2021,46,11,15,31
Mumbai,03-04-2021,48,5,18,15
Mumbai,04-04-2021,49,14,15,16
Mumbai,05-04-2021,24,19,16,26
Mumbai,06-04-2021,77,11,25,51
Mumbai,07-04-2021,69,6,23,30
Mumbai,08-04-2021,66,14,18,12
Mumbai,09-04-2021,47,18,17,33
Mumbai,10-04-2021,85,11,17,45
Mumbai,11-04-2021,96,5,17,28
Mumbai,12-04-2021,65,13,18,37
Mumbai,13-04-2021,66,22,28,21
Mumbai,14-04-2021,64,19,15,27
Mumbai,15-04-2021,59,19,12,27
Mumbai,16-04-2021,52,10,8,15
Mumbai,17-04-2021,35,13,8,11
Mumbai,18-04-2021,49,17,7,16
Mumbai,19-04-2021,71,17,11,13
Mumbai,20-04-2021,32,17,3,19
Mumbai,21-04-2021,28,17,2,21
Mumbai,22-04-2021,38,17,4,15
Mumbai,23-04-2021,53,18,7,34
Mumbai,24-04-2021,35,17,35,29
Mumbai,25-04-2021,38,17,66,16
Mumbai,26-04-2021,63,17,56,19
Mumbai,27-04-2021,77,16,9,37
Mumbai,28-04-2021,60,18,10,12
Mumbai,29-04-2021,39,17,6,18
Mumbai,30-04-2021,35,17,8,22
Mumbai,01-05-2021,25,17,7,24
Mumbai,02-05-2021,45,9,7,22
Mumbai,03-05-2021,54,5,14,42
Mumbai,04-05-2021,42,13,5,29
Mumbai,05-05-2021,38,17,7,19
Mumbai,06-05-2021,41,9,13,7
Mumbai,07-05-2021,26,5,15,9
Mumbai,08-05-2021,28,11,14,9
Mumbai,09-05-2021,26,8,17,10
Mumbai,10-05-2021,20,11,11,14
Mumbai,11-05-2021,26,10,10,4
Mumbai,12-05-2021,26,2,15,7
Mumbai,13-05-2021,19,2,14,6
Mumbai,14-05-2021,26,2,16,7
Mumbai,15-05-2021,33,3,20,7
Mumbai,16-05-2021,92,5,20,7
Mumbai,17-05-2021,12,9,6,10
Mumbai,18-05-2021,16,5,6,7
Mumbai,19-05-2021,19,5,10,13
